unit_id,facility_code,equipment_type,manufacturer,model,year_installed,capacity_m3_hr,last_major_overhaul,running_hours_total,running_hours_since_overhaul,next_scheduled_maintenance,condition_score,bowl_radius_m
PIR-DSC-001,PIR,3-Phase Disc Stack Centrifuge,Alfa Laval,AFPX 614,2016,25.0,2022-03-15,42000,8200,2026-09-01,7.8,0.310
PIR-DSC-002,PIR,3-Phase Disc Stack Centrifuge,GEA Westfalia,OSE 80-01-067,2018,30.0,2023-06-20,32000,7400,2026-12-01,8.2,0.340
PIR-DSC-003,PIR,3-Phase Disc Stack Centrifuge,Alfa Laval,S816,2021,35.0,2024-01-10,18000,5200,2027-01-15,9.1,0.370
PIR-DEC-001,PIR,Decanter Centrifuge,Flottweg,Z6E-4/441,2015,40.0,2021-11-05,52000,9800,2026-11-05,7.2,0.395
PIR-DEC-002,PIR,Decanter Centrifuge,GEA Westfalia,CA 520-2,2019,45.0,2023-09-12,28000,6100,2026-09-12,8.5,0.420
PIR-DEC-003,PIR,Decanter Centrifuge,Andritz,D6L-H,2022,50.0,2024-04-18,14000,4400,2027-04-18,9.3,0.430
PIR-GRV-001,PIR,Gravity Separator,Alfa Laval,AlfaVap 1000,2014,80.0,2021-07-22,58000,11200,2026-07-22,6.8,
PIR-GRV-002,PIR,Gravity Separator,GEA Westfalia,GS 410,2017,60.0,2022-11-30,38000,8600,2026-11-30,7.6,
PIR-PLS-001,PIR,Plate Separator,Alfa Laval,MR510,2018,20.0,2023-02-14,30000,7200,2026-08-14,8.0,
PIR-PLS-002,PIR,Plate Separator,GEA Westfalia,PL 450,2020,22.0,2023-12-01,22000,5800,2026-12-01,8.7,
PIR-DAF-001,PIR,DAF Unit,GEA Westfalia,FloDaf 300,2016,55.0,2022-05-10,40000,9000,2026-11-10,7.5,
PIR-DAF-002,PIR,DAF Unit,Andritz,HydroFloat 400,2020,65.0,2024-02-28,20000,5000,2027-02-28,8.9,
PIR-HTG-001,PIR,Heating Unit,Alfa Laval,AQUA 800,2015,120.0,2021-09-15,50000,10500,2026-09-15,7.0,
PIR-HTG-002,PIR,Heating Unit,GEA Westfalia,HEX 400,2019,100.0,2023-07-01,26000,5600,2026-07-01,8.4,
PIR-DSC-004,PIR,3-Phase Disc Stack Centrifuge,Pieralisi,GIANT 4,2023,28.0,2024-06-15,8000,3200,2027-06-15,9.5,0.330
HAM-DSC-001,HAM,3-Phase Disc Stack Centrifuge,GEA Westfalia,OSE 40-01-067,2015,22.0,2021-10-08,48000,10200,2026-10-08,7.1,0.285
HAM-DSC-002,HAM,3-Phase Disc Stack Centrifuge,Alfa Laval,AFPX 510,2018,24.0,2023-03-25,31000,6800,2026-09-25,8.1,0.295
HAM-DEC-001,HAM,Decanter Centrifuge,Flottweg,Z5E-4/441,2016,38.0,2022-08-14,44000,9400,2026-08-14,7.4,0.385
HAM-DEC-002,HAM,Decanter Centrifuge,Andritz,D5L-H,2020,42.0,2024-01-20,21000,5100,2027-01-20,8.8,0.415
HAM-GRV-001,HAM,Gravity Separator,GEA Westfalia,GS 310,2014,70.0,2021-04-30,56000,12100,2026-10-30,6.5,
HAM-GRV-002,HAM,Gravity Separator,Andritz,AGS 500,2019,75.0,2023-05-20,27000,6200,2026-11-20,8.3,
HAM-PLS-001,HAM,Plate Separator,Flottweg,SCD 460,2017,18.0,2022-12-10,36000,8400,2026-12-10,7.7,
HAM-DAF-001,HAM,DAF Unit,Alfa Laval,ALDAF 500,2018,60.0,2023-04-05,29000,6900,2026-10-05,8.0,
HAM-HTG-001,HAM,Heating Unit,GEA Westfalia,HEX 200,2015,90.0,2021-11-20,50000,10800,2026-11-20,7.0,
HAM-HTG-002,HAM,Heating Unit,Flottweg,FHU 300,2021,95.0,2024-03-10,16000,4600,2027-03-10,9.0,
HAM-DEC-003,HAM,Decanter Centrifuge,GEA Westfalia,CA 365-1,2017,36.0,2022-07-18,38000,8700,2026-07-18,7.6,0.375
HAM-DSC-003,HAM,3-Phase Disc Stack Centrifuge,Pieralisi,LEOPARD 5,2022,26.0,2024-05-22,12000,3800,2027-05-22,9.2,0.315
GIB-DSC-001,GIB,3-Phase Disc Stack Centrifuge,Alfa Laval,AFPX 510,2017,20.0,2022-09-16,36000,8000,2026-09-16,7.8,0.285
GIB-DSC-002,GIB,3-Phase Disc Stack Centrifuge,GEA Westfalia,UCD 305,2020,22.0,2023-11-28,22000,5400,2026-11-28,8.6,0.295
GIB-DEC-001,GIB,Decanter Centrifuge,Andritz,D4L-H,2016,32.0,2022-06-04,40000,8900,2026-06-04,7.3,0.360
GIB-GRV-001,GIB,Gravity Separator,Alfa Laval,AlfaVap 800,2015,50.0,2021-12-19,46000,10600,2026-12-19,6.9,
GIB-PLS-001,GIB,Plate Separator,Andritz,APL 450,2019,16.0,2023-08-07,25000,5900,2026-08-07,8.2,
GIB-DAF-001,GIB,DAF Unit,Pieralisi,PDAF 300,2018,45.0,2023-01-15,28000,6400,2026-07-15,8.0,
GIB-HTG-001,GIB,Heating Unit,Alfa Laval,AQUA 500,2016,80.0,2022-10-22,38000,8200,2026-10-22,7.5,
GIB-DEC-002,GIB,Decanter Centrifuge,Flottweg,Z4E-4/441,2021,34.0,2024-02-14,15000,4500,2027-02-14,9.0,0.365
MLT-DSC-001,MLT,3-Phase Disc Stack Centrifuge,Alfa Laval,AFPX 510,2018,18.0,2023-05-12,28000,6200,2026-11-12,8.1,0.280
MLT-DEC-001,MLT,Decanter Centrifuge,Andritz,D4L-H,2017,28.0,2022-09-30,34000,8100,2026-09-30,7.5,0.350
MLT-GRV-001,MLT,Gravity Separator,GEA Westfalia,GS 310,2016,45.0,2022-04-14,38000,8600,2026-10-14,7.2,
MLT-PLS-001,MLT,Plate Separator,Pieralisi,PPL 350,2020,14.0,2023-10-05,20000,5200,2026-10-05,8.7,
MLT-HTG-001,MLT,Heating Unit,Pieralisi,PHU 400,2019,70.0,2023-06-28,24000,5800,2026-12-28,8.4,
