date,brent_crude_usd_bbl,rotterdam_hfo_380_usd_mt,rotterdam_vlsfo_usd_mt,rotterdam_mgo_usd_mt,recovered_fuel_premium_discount_pct,carbon_credit_eur_ton,eur_usd_rate,shipping_demand_index
2022-01-03,85.0,415.9,655.02,747.89,4.76,29.66,1.05,100.14
2022-01-04,89.61,489.56,702.84,812.15,-1.34,33.28,1.0535,103.47
2022-01-05,88.86,491.85,681.81,784.55,-5.21,46.48,1.0477,98.41
2022-01-06,92.5,577.13,686.58,815.1,-10.57,36.83,1.0428,98.72
2022-01-07,90.66,493.04,712.66,841.56,-5.47,47.1,1.042,98.61
2022-01-10,91.74,570.63,707.99,896.7,2.53,43.53,1.0473,97.19
2022-01-11,92.06,503.51,715.54,765.39,-2.45,35.81,1.0473,94.42
2022-01-12,88.81,528.2,618.55,851.06,0.2,38.95,1.0533,98.12
2022-01-13,88.78,493.22,668.32,783.51,-6.17,38.35,1.05,97.73
2022-01-14,90.19,471.41,745.79,822.61,-9.23,48.6,1.0552,99.2
2022-01-17,86.29,517.65,725.7,700.17,-7.7,43.18,1.056,102.31
2022-01-18,84.7,466.47,657.26,789.66,-7.21,38.3,1.0552,99.29
2022-01-19,85.43,478.23,720.9,691.13,-1.84,41.42,1.0609,101.71
2022-01-20,86.9,423.36,662.61,831.67,-12.76,36.55,1.0596,94.9
2022-01-21,89.96,513.17,748.41,824.91,-9.18,36.47,1.0637,98.54
2022-01-24,88.75,520.15,652.55,883.51,-4.3,41.21,1.0627,94.34
2022-01-25,88.96,502.17,644.37,801.94,1.72,42.87,1.0602,97.45
2022-01-26,90.23,514.57,663.79,927.63,0.44,49.37,1.0582,98.63
2022-01-27,92.25,507.09,774.1,865.55,-11.81,37.65,1.0565,100.54
2022-01-28,91.38,481.23,614.18,822.99,-9.68,36.3,1.0619,96.19
2022-01-31,89.86,535.27,652.78,803.63,-8.62,36.75,1.0666,94.46
2022-02-01,93.4,525.11,663.14,830.33,-6.42,27.69,1.0631,103.85
2022-02-02,95.06,531.05,775.84,834.45,-3.97,48.01,1.0591,97.52
2022-02-03,96.15,496.34,667.05,803.43,-9.83,38.09,1.059,104.19
2022-02-04,96.79,554.98,767.35,928.29,-3.95,36.46,1.0567,97.42
2022-02-07,96.06,547.93,723.26,858.19,-0.06,41.18,1.0551,103.07
2022-02-08,95.11,542.31,737.69,881.96,-5.68,43.44,1.0544,99.74
2022-02-09,93.08,489.63,658.0,857.11,4.3,46.75,1.0494,100.72
2022-02-10,92.23,525.67,755.6,852.38,4.1,31.12,1.0488,107.47
2022-02-11,91.39,464.08,737.28,789.42,-5.57,40.92,1.0477,101.85
2022-02-14,92.71,496.42,693.8,755.58,-2.81,40.79,1.0514,99.62
2022-02-15,91.46,440.66,623.61,743.39,0.44,40.2,1.0486,106.93
2022-02-16,89.77,478.1,630.88,828.47,-7.89,31.16,1.0445,102.72
2022-02-17,90.64,498.51,729.07,927.6,-5.65,43.46,1.0411,99.51
2022-02-18,92.98,518.92,687.32,748.65,-9.77,38.57,1.0357,102.68
2022-02-21,93.43,488.82,721.55,842.03,-10.16,41.11,1.0343,100.95
2022-02-22,94.66,441.89,696.33,898.13,1.68,36.63,1.0341,102.73
2022-02-23,93.34,481.47,692.14,897.0,-1.06,34.39,1.0376,102.08
2022-02-24,93.32,491.42,642.47,921.92,-2.11,37.81,1.0384,105.16
2022-02-25,96.99,450.76,665.08,858.77,-4.44,41.61,1.0407,107.89
2022-02-28,97.5,523.03,760.56,799.1,1.29,43.83,1.0376,97.61
2022-03-01,99.47,536.43,744.99,943.12,-13.03,42.33,1.0363,101.73
2022-03-02,98.8,577.12,701.4,935.49,-13.55,47.21,1.041,106.77
2022-03-03,97.07,484.38,716.36,812.25,2.08,42.14,1.0456,99.32
2022-03-04,94.59,482.73,746.18,909.99,-9.85,42.87,1.0444,104.31
2022-03-07,98.13,532.22,790.51,882.27,-9.62,43.43,1.0427,102.91
2022-03-08,96.84,501.99,779.6,897.69,-0.44,46.6,1.0405,99.88
2022-03-09,96.76,560.24,701.57,871.93,-0.12,41.35,1.0413,102.09
2022-03-10,97.18,565.31,740.82,815.12,-2.62,48.16,1.0425,105.04
2022-03-11,99.56,509.17,803.11,895.74,-11.95,42.24,1.0434,102.88
2022-03-14,100.18,552.88,775.98,894.16,-9.54,36.81,1.0432,100.12
2022-03-15,98.33,528.83,716.65,871.96,-11.45,38.46,1.0411,96.09
2022-03-16,98.2,552.2,727.49,853.49,-10.46,40.02,1.0442,96.8
2022-03-17,99.55,546.99,729.92,852.59,-11.66,38.52,1.0391,99.58
2022-03-18,101.13,590.84,772.66,827.04,-9.88,38.42,1.0408,100.97
2022-03-21,98.4,554.65,774.83,869.27,-14.75,38.95,1.0429,102.2
2022-03-22,100.93,567.68,705.6,755.82,-12.16,51.37,1.035,103.67
2022-03-23,102.1,551.42,681.14,905.23,-8.83,38.47,1.0343,106.24
2022-03-24,104.86,569.92,828.74,1051.3,4.96,39.08,1.0363,101.39
2022-03-25,105.47,586.25,773.45,969.17,-13.13,44.6,1.0389,100.99
2022-03-28,103.21,567.18,737.16,998.49,3.91,45.07,1.0353,102.36
2022-03-29,104.2,584.73,801.94,953.19,-1.1,46.08,1.0383,95.69
2022-03-30,104.22,567.86,749.9,919.25,0.18,48.1,1.0299,102.56
2022-03-31,101.73,570.79,780.57,942.57,-5.79,40.06,1.0288,99.07
2022-04-01,97.58,563.12,639.86,838.26,-5.69,44.32,1.0291,102.49
2022-04-04,96.98,523.78,704.94,852.59,-5.2,41.81,1.0295,104.76
2022-04-05,96.73,565.96,758.41,972.42,-3.77,39.97,1.0243,103.21
2022-04-06,95.97,481.38,770.65,911.13,1.09,47.32,1.0242,108.62
2022-04-07,93.43,519.91,610.35,803.57,-13.69,41.91,1.0266,104.92
2022-04-08,93.99,462.31,698.64,792.28,-13.35,39.3,1.0304,99.15
2022-04-11,92.46,505.44,719.36,772.39,-5.72,39.24,1.0291,101.92
2022-04-12,91.75,472.06,744.73,846.62,-0.35,34.88,1.0304,102.03
2022-04-13,91.82,553.31,645.69,757.79,-4.43,41.15,1.0319,99.83
2022-04-14,91.46,520.27,645.51,900.62,-7.28,42.45,1.0287,103.76
2022-04-15,90.47,500.61,657.62,885.12,4.26,46.14,1.0306,102.1
2022-04-18,89.53,521.34,719.94,773.2,-12.24,34.25,1.0291,100.06
2022-04-19,87.67,515.65,734.02,794.41,0.04,47.25,1.0289,103.53
2022-04-20,87.24,457.94,691.74,788.4,-8.68,33.78,1.0324,101.3
2022-04-21,87.14,491.85,608.87,820.42,-5.41,45.79,1.0336,101.25
2022-04-22,86.79,445.14,698.41,827.64,-2.11,40.66,1.0342,100.37
2022-04-25,86.52,558.21,662.35,784.04,2.01,55.03,1.0293,105.73
2022-04-26,85.85,492.02,616.68,805.8,-12.21,39.69,1.0298,103.41
2022-04-27,86.38,424.89,647.87,869.94,2.5,51.25,1.0358,102.75
2022-04-28,85.29,503.91,624.95,811.25,-13.29,46.63,1.0324,104.94
2022-04-29,84.49,445.05,693.92,823.6,1.17,49.15,1.0405,104.71
2022-05-02,84.04,500.54,591.53,770.64,-3.29,43.58,1.0424,104.0
2022-05-03,84.94,455.47,625.45,758.61,-13.05,46.38,1.046,98.08
2022-05-04,84.92,444.01,679.11,700.73,-3.73,47.97,1.0492,101.89
2022-05-05,86.59,518.27,597.46,695.1,1.11,50.98,1.0479,106.99
2022-05-06,87.51,466.36,698.47,712.44,-9.61,43.18,1.048,108.42
2022-05-09,85.84,453.99,609.22,753.96,2.66,45.16,1.0542,106.24
2022-05-10,88.53,467.17,606.78,812.07,-11.97,43.3,1.0522,99.53
2022-05-11,87.41,497.32,608.5,880.02,1.02,43.47,1.0594,103.45
2022-05-12,87.66,498.03,630.2,741.04,-6.17,46.52,1.053,105.54
2022-05-13,90.22,498.89,672.63,821.16,0.71,48.41,1.0583,112.54
2022-05-16,89.25,499.17,653.89,794.41,1.66,39.04,1.0615,106.18
2022-05-17,90.07,483.76,641.3,882.02,-7.62,42.43,1.0611,107.87
2022-05-18,90.01,525.37,631.28,814.05,-13.6,37.95,1.0628,106.13
2022-05-19,90.43,524.35,700.11,788.92,-12.75,43.62,1.0648,114.98
2022-05-20,89.06,446.04,649.54,797.24,1.26,39.74,1.0655,103.45
2022-05-23,86.78,491.28,643.23,742.56,-3.09,41.5,1.0616,102.99
2022-05-24,85.15,479.15,629.62,715.23,-4.08,40.79,1.0634,103.33
2022-05-25,84.76,500.91,601.14,752.52,-11.48,48.87,1.0632,97.06
2022-05-26,84.24,445.19,638.9,804.06,3.44,44.2,1.0619,104.4
2022-05-27,83.6,516.76,604.53,729.18,-13.71,39.85,1.0604,103.26
2022-05-30,85.77,455.1,689.07,751.48,2.57,44.13,1.0577,107.25
2022-05-31,86.12,474.82,600.39,652.1,-13.02,40.79,1.0576,96.76
2022-06-01,84.01,483.21,641.55,769.05,4.16,40.91,1.0601,107.14
2022-06-02,86.18,466.49,650.92,722.81,-3.06,50.03,1.0609,106.29
2022-06-03,84.2,422.7,613.66,743.25,3.79,48.49,1.0641,104.75
2022-06-06,85.98,456.06,681.4,769.1,-11.51,46.25,1.0608,104.5
2022-06-07,88.11,472.07,636.95,734.37,1.15,48.69,1.0628,107.46
2022-06-08,89.16,495.09,640.54,749.76,3.59,47.84,1.0606,106.58
2022-06-09,88.99,503.92,704.42,778.18,-2.58,48.87,1.0658,102.86
2022-06-10,90.15,485.03,624.77,728.97,-4.99,42.94,1.0694,104.48
2022-06-13,90.55,475.48,762.84,797.78,-12.45,47.48,1.0684,105.99
2022-06-14,91.77,532.38,650.28,888.38,-3.07,44.95,1.0691,107.55
2022-06-15,92.15,482.58,717.84,775.8,4.84,39.29,1.0657,111.65
2022-06-16,89.92,486.82,672.67,826.0,-4.5,47.58,1.0656,99.71
2022-06-17,93.12,543.91,702.02,865.42,-12.85,44.57,1.0639,103.56
2022-06-20,90.97,510.57,582.78,761.29,0.62,48.26,1.066,105.5
2022-06-21,91.41,505.08,692.64,848.2,4.91,53.76,1.0615,105.89
2022-06-22,93.06,511.38,704.76,902.13,2.27,40.33,1.0631,107.3
2022-06-23,94.47,546.57,684.68,860.68,-8.37,46.92,1.0666,106.48
2022-06-24,93.63,546.13,785.45,848.53,-6.77,43.46,1.0659,111.44
2022-06-27,93.01,537.39,755.09,845.55,-6.75,43.96,1.0668,108.1
2022-06-28,96.11,543.72,715.43,964.13,0.44,44.17,1.0669,109.73
2022-06-29,95.13,543.81,727.56,830.59,-9.88,43.2,1.0689,113.24
2022-06-30,93.93,495.98,746.99,866.93,-5.43,43.78,1.0744,110.56
2022-07-01,93.09,539.15,679.8,826.33,-0.1,38.19,1.0728,103.59
2022-07-04,92.98,466.23,643.97,818.74,4.18,50.81,1.0729,110.32
2022-07-05,93.09,479.57,719.16,917.72,-1.35,46.25,1.0716,103.39
2022-07-06,94.39,533.73,683.78,824.92,-10.5,39.02,1.0699,104.01
2022-07-07,93.45,554.01,693.86,831.19,-5.61,41.68,1.0714,106.4
2022-07-08,94.63,487.62,660.88,908.75,-2.29,45.01,1.0692,99.68
2022-07-11,94.12,496.77,723.18,886.13,-7.61,47.47,1.0702,110.84
2022-07-12,91.8,561.57,721.07,857.24,-4.82,47.45,1.0714,111.09
2022-07-13,91.99,526.91,723.35,789.01,-14.96,46.54,1.0662,112.44
2022-07-14,93.31,544.46,638.44,814.6,-12.44,49.04,1.0713,108.87
2022-07-15,94.06,495.11,640.64,788.0,-11.08,41.26,1.0728,106.65
2022-07-18,96.85,524.55,757.27,805.61,-3.91,40.73,1.0814,103.0
2022-07-19,95.93,526.0,672.85,860.59,4.19,50.74,1.0843,109.53
2022-07-20,96.33,478.42,697.92,845.39,-4.31,46.51,1.0806,104.23
2022-07-21,93.99,508.25,710.71,865.76,-5.88,44.68,1.0875,103.8
2022-07-22,94.33,533.57,713.98,808.27,0.04,44.6,1.0894,108.95
2022-07-25,96.71,505.44,781.81,924.18,-13.4,51.64,1.0884,102.82
2022-07-26,91.89,546.14,662.67,890.4,3.19,42.16,1.0968,111.82
2022-07-27,90.47,480.33,646.36,771.83,-6.28,52.53,1.0894,111.17
2022-07-28,91.11,474.34,639.28,749.33,2.89,42.08,1.0883,105.11
2022-07-29,89.17,496.27,690.02,814.17,-3.62,50.25,1.0855,104.36
2022-08-01,90.31,538.42,621.53,876.67,-12.59,42.01,1.0836,104.56
2022-08-02,91.27,522.32,661.25,841.35,-6.06,43.75,1.0816,107.55
2022-08-03,90.93,467.65,680.7,841.13,-6.37,53.75,1.0837,103.58
2022-08-04,93.45,477.88,645.67,879.65,-12.95,45.65,1.0908,107.84
2022-08-05,96.78,578.41,777.31,896.04,-3.58,49.65,1.0964,101.92
2022-08-08,98.74,554.53,807.53,904.43,-9.97,53.19,1.0976,100.18
2022-08-09,97.12,497.24,754.67,844.14,-5.4,46.07,1.0921,105.89
2022-08-10,95.72,538.73,691.68,836.91,-7.28,53.0,1.0934,106.61
2022-08-11,95.13,497.08,712.02,777.63,-0.75,50.09,1.0945,104.6
2022-08-12,94.87,491.74,638.0,861.83,-13.43,34.98,1.0936,105.24
2022-08-15,95.58,536.48,695.77,795.81,-13.7,46.16,1.0942,111.08
2022-08-16,95.64,497.57,693.36,798.16,-10.95,51.4,1.0902,104.99
2022-08-17,97.56,562.32,706.28,816.95,-11.56,52.96,1.0962,103.62
2022-08-18,96.32,552.48,764.09,1000.9,-6.67,49.92,1.0941,99.73
2022-08-19,93.75,502.63,677.56,767.44,-2.49,56.81,1.1008,105.43
2022-08-22,94.98,537.99,742.17,870.68,2.82,40.66,1.102,107.83
2022-08-23,95.68,512.57,725.58,913.75,1.52,40.56,1.0999,101.97
2022-08-24,93.4,554.96,664.35,894.74,1.54,47.68,1.0994,110.12
2022-08-25,94.38,521.48,733.9,853.43,2.45,44.23,1.0958,109.88
2022-08-26,93.1,505.49,689.19,891.18,2.3,54.71,1.0942,104.82
2022-08-29,93.44,490.99,700.0,801.14,1.88,48.69,1.0914,106.29
2022-08-30,93.94,473.15,699.48,844.93,-10.1,50.62,1.0877,111.78
2022-08-31,93.97,512.47,752.43,904.17,3.1,56.82,1.0839,104.95
2022-09-01,91.89,465.03,678.47,899.54,-1.8,47.63,1.082,104.09
2022-09-02,94.59,516.71,708.77,867.57,2.49,48.88,1.0828,103.32
2022-09-05,94.2,540.36,683.48,702.14,-6.85,52.57,1.0854,109.45
2022-09-06,94.11,575.07,710.51,902.72,-8.79,47.69,1.0787,104.36
2022-09-07,93.6,561.92,723.27,787.12,-10.89,37.75,1.0794,106.86
2022-09-08,93.14,501.88,743.19,859.28,0.56,61.56,1.0802,105.84
2022-09-09,93.49,520.13,759.36,735.82,-6.1,48.89,1.0802,98.91
2022-09-12,93.21,511.15,722.41,858.97,-14.34,45.96,1.079,102.59
2022-09-13,93.97,536.62,757.8,840.22,-14.05,48.25,1.0807,104.99
2022-09-14,93.18,505.32,689.8,865.17,1.11,49.87,1.0799,108.53
2022-09-15,92.89,515.82,692.22,892.26,-0.52,52.36,1.0762,99.17
2022-09-16,92.18,462.01,704.07,807.3,-11.71,53.06,1.0737,105.82
2022-09-19,89.41,450.24,700.66,754.14,-3.04,54.99,1.0705,103.13
2022-09-20,87.59,452.6,627.35,892.18,-3.67,49.68,1.0691,103.99
2022-09-21,87.81,492.09,676.48,842.08,-1.01,47.16,1.0707,103.47
2022-09-22,88.25,521.52,726.57,765.65,-13.18,48.34,1.0738,104.6
2022-09-23,88.97,546.79,660.31,750.48,-5.05,40.52,1.0686,100.34
2022-09-26,89.87,547.13,653.95,732.15,2.31,51.81,1.0693,99.54
2022-09-27,89.43,467.16,707.65,843.82,-8.43,48.25,1.0669,99.1
2022-09-28,91.47,458.88,680.16,780.91,-10.26,53.48,1.0628,100.82
2022-09-29,92.03,525.72,690.45,847.54,-11.85,60.58,1.0594,104.69
2022-09-30,91.57,477.35,654.17,860.29,-14.84,50.63,1.058,104.57
2022-10-03,93.12,497.67,732.63,840.79,1.64,49.88,1.0586,104.8
2022-10-04,90.57,542.53,715.87,913.99,-0.02,40.18,1.0623,105.06
2022-10-05,88.91,499.67,641.59,842.0,4.01,54.6,1.0658,97.85
2022-10-06,88.84,436.79,637.56,813.22,-9.55,47.52,1.0677,99.03
2022-10-07,90.04,509.21,721.88,803.06,-11.68,42.68,1.0665,102.65
2022-10-10,89.15,461.87,684.83,734.25,-3.01,47.55,1.0683,101.76
2022-10-11,87.35,541.4,684.33,879.99,-8.24,52.23,1.0717,106.92
2022-10-12,88.22,502.78,602.65,727.42,4.4,42.51,1.0753,104.44
2022-10-13,88.47,497.3,654.78,833.85,0.68,42.7,1.0726,105.82
2022-10-14,89.29,477.39,634.33,848.0,-1.87,47.7,1.0742,100.64
2022-10-17,89.39,461.81,669.2,832.81,1.99,51.88,1.0735,101.41
2022-10-18,90.51,487.97,618.32,883.0,-11.04,48.35,1.0751,102.66
2022-10-19,92.07,496.18,654.44,813.45,-13.65,51.05,1.0767,101.21
2022-10-20,91.22,531.56,618.86,850.09,-0.65,48.18,1.0776,104.21
2022-10-21,89.2,458.42,670.87,718.73,1.4,58.45,1.0814,108.08
2022-10-24,93.81,475.34,651.5,799.45,-12.62,55.11,1.0817,103.04
2022-10-25,94.14,500.85,704.2,841.43,0.55,45.92,1.0822,99.6
2022-10-26,96.18,549.07,765.96,879.33,-5.34,51.47,1.0788,98.28
2022-10-27,95.7,498.74,772.41,858.44,-14.72,52.14,1.0777,102.75
2022-10-28,94.5,514.19,697.16,863.8,-4.76,48.78,1.0771,104.83
2022-10-31,94.24,531.53,691.47,769.67,-8.32,46.37,1.0807,108.14
2022-11-01,94.54,480.95,684.85,906.44,-11.91,46.57,1.0821,103.6
2022-11-02,94.6,529.22,671.99,897.61,1.12,39.89,1.0775,99.34
2022-11-03,95.02,493.07,716.26,889.84,-7.44,55.65,1.0777,97.35
2022-11-04,95.46,514.42,753.55,868.65,1.88,49.16,1.08,99.98
2022-11-07,94.64,487.89,724.0,879.68,-11.51,44.66,1.0804,99.46
2022-11-08,95.14,499.75,734.81,871.56,0.23,38.93,1.088,105.11
2022-11-09,94.38,548.72,656.87,805.51,0.14,51.87,1.0871,104.97
2022-11-10,93.78,507.35,687.48,788.47,-3.46,45.88,1.0886,93.43
2022-11-11,91.73,571.8,670.53,862.45,-11.36,51.39,1.0892,101.04
2022-11-14,91.86,496.34,684.04,818.72,3.62,47.82,1.0854,102.23
2022-11-15,90.77,514.41,646.12,759.7,-8.39,47.88,1.0822,104.3
2022-11-16,92.07,522.22,748.22,876.17,-7.03,51.36,1.0818,98.99
2022-11-17,92.05,533.32,681.65,787.92,-9.97,52.67,1.0844,97.38
2022-11-18,91.95,511.28,655.15,760.79,-12.21,46.9,1.0822,104.17
2022-11-21,89.99,483.76,676.89,790.01,-10.4,46.39,1.086,98.12
2022-11-22,92.31,482.56,705.02,808.41,-10.82,54.81,1.0851,103.24
2022-11-23,91.66,498.78,696.14,838.97,-4.09,43.79,1.0851,104.88
2022-11-24,95.97,489.89,754.31,894.13,1.21,42.58,1.0803,95.59
2022-11-25,96.79,495.07,813.08,930.09,-5.53,48.07,1.0772,100.85
2022-11-28,96.88,579.87,778.77,922.17,-13.62,47.94,1.0817,103.32
2022-11-29,97.01,513.05,772.05,869.39,-9.04,60.36,1.077,103.5
2022-11-30,96.48,586.1,758.03,855.31,-6.33,56.9,1.0814,100.4
2022-12-01,93.54,470.56,666.86,746.58,-7.09,53.11,1.0789,100.3
2022-12-02,90.72,470.07,743.69,816.36,-12.74,55.3,1.0809,101.65
2022-12-05,88.61,524.98,642.01,792.28,-0.47,55.98,1.0778,101.24
2022-12-06,86.15,480.71,605.62,780.43,4.86,41.97,1.0811,104.52
2022-12-07,85.28,442.09,661.81,703.67,-2.6,55.63,1.0788,99.65
2022-12-08,83.96,491.36,607.22,713.6,-12.69,42.56,1.0824,99.57
2022-12-09,83.76,469.61,573.43,716.92,-14.43,45.46,1.0818,95.37
2022-12-12,84.96,428.88,664.17,749.82,2.68,56.75,1.086,99.0
2022-12-13,85.29,421.9,687.99,655.38,-1.29,46.45,1.0869,99.52
2022-12-14,81.89,457.49,616.0,767.49,-2.27,53.89,1.0831,98.45
2022-12-15,81.43,443.51,564.67,714.21,-1.97,52.14,1.0852,101.37
2022-12-16,82.36,470.01,619.43,734.86,3.67,48.88,1.0842,107.87
2022-12-19,83.06,499.87,626.7,792.98,3.48,49.74,1.0841,110.6
2022-12-20,83.65,434.19,647.8,811.01,3.83,46.32,1.0835,101.35
2022-12-21,82.82,446.81,544.93,832.44,-3.76,55.23,1.0863,95.52
2022-12-22,81.15,453.43,606.1,700.43,-2.06,46.23,1.0859,98.24
2022-12-23,81.17,443.62,628.26,701.11,-11.47,53.61,1.0887,93.41
2022-12-26,81.07,441.11,649.48,760.96,-6.36,52.04,1.0907,98.81
2022-12-27,80.73,392.77,613.02,788.76,-13.3,50.17,1.0945,96.59
2022-12-28,80.82,427.02,604.86,662.01,1.98,45.44,1.0974,95.59
2022-12-29,80.16,424.9,650.45,769.61,3.47,57.64,1.0943,101.06
2022-12-30,82.57,498.21,658.88,862.14,-7.19,50.06,1.0919,100.44
2023-01-02,79.08,436.06,599.95,701.74,-7.37,46.82,1.0919,99.92
2023-01-03,78.34,427.84,488.88,769.21,-14.19,55.53,1.0906,101.65
2023-01-04,80.38,457.48,541.56,619.5,-1.87,47.37,1.0892,101.96
2023-01-05,80.31,446.52,616.44,679.46,-12.24,51.52,1.087,106.36
2023-01-06,81.29,474.47,587.7,712.68,2.26,54.35,1.0879,97.67
2023-01-09,82.27,466.37,579.68,849.06,-8.5,43.68,1.0809,99.73
2023-01-10,83.69,433.6,571.29,699.65,-13.06,51.18,1.078,98.74
2023-01-11,82.54,461.27,553.8,743.93,-12.41,52.97,1.0737,103.14
2023-01-12,81.36,481.79,640.22,731.64,1.1,59.81,1.0775,101.24
2023-01-13,82.17,437.2,598.11,782.27,-14.7,55.12,1.075,102.28
2023-01-16,82.57,481.57,608.99,852.37,-7.48,49.68,1.0781,100.73
2023-01-17,80.85,394.09,600.9,781.53,2.95,55.32,1.0782,103.51
2023-01-18,82.41,457.39,629.27,674.0,-10.1,62.89,1.0757,102.24
2023-01-19,82.61,454.08,595.84,766.48,-10.97,47.08,1.0759,95.94
2023-01-20,82.03,403.12,646.78,789.01,-14.29,54.67,1.0771,100.11
2023-01-23,82.21,467.77,633.58,697.32,-2.76,54.18,1.0784,98.35
2023-01-24,81.97,431.31,598.0,656.47,-6.37,54.2,1.0759,102.2
2023-01-25,84.28,442.81,653.01,797.71,3.1,53.57,1.0788,97.37
2023-01-26,84.26,450.9,623.42,694.85,1.11,47.88,1.0747,101.52
2023-01-27,82.6,450.9,512.01,760.95,0.07,54.0,1.073,95.43
2023-01-30,82.59,439.02,638.32,750.84,-2.32,48.87,1.0726,105.7
2023-01-31,82.0,414.81,634.99,765.71,2.47,51.9,1.0736,97.62
2023-02-01,83.85,397.88,638.65,816.45,-4.61,46.21,1.0734,101.74
2023-02-02,82.58,459.15,569.89,782.95,-2.84,47.84,1.0686,105.97
2023-02-03,81.91,449.67,567.81,741.25,2.04,62.08,1.0673,104.56
2023-02-06,82.86,482.07,639.38,684.38,-8.14,53.1,1.0723,102.4
2023-02-07,84.19,394.23,687.84,709.61,-9.05,54.5,1.0727,99.96
2023-02-08,86.1,437.52,732.31,809.94,-8.77,62.36,1.0689,102.55
2023-02-09,84.72,477.34,648.55,827.67,-9.89,58.19,1.0636,98.55
2023-02-10,82.99,486.3,626.93,770.81,1.11,50.56,1.0632,103.57
2023-02-13,80.66,426.03,562.19,743.33,-8.91,52.54,1.0649,103.74
2023-02-14,83.21,476.97,559.92,781.53,-4.93,52.46,1.0637,103.76
2023-02-15,81.76,461.5,636.04,810.75,-12.1,49.22,1.0615,105.08
2023-02-16,81.45,480.78,563.55,793.58,-9.13,54.57,1.0582,100.49
2023-02-17,81.8,394.36,577.06,716.46,3.25,55.6,1.0582,103.42
2023-02-20,83.11,397.38,615.96,776.0,-3.25,54.02,1.0659,102.12
2023-02-21,79.98,446.43,612.42,674.85,0.74,58.87,1.0654,101.29
2023-02-22,79.25,429.11,615.75,717.45,-0.26,45.34,1.0634,103.95
2023-02-23,77.9,413.59,572.56,714.98,-7.11,50.56,1.0638,101.17
2023-02-24,78.83,472.72,553.31,673.64,-3.32,57.02,1.0658,102.41
2023-02-27,77.99,451.25,555.01,676.57,-6.15,57.72,1.0646,97.2
2023-02-28,77.15,365.3,651.41,674.17,-5.11,51.29,1.0624,102.23
2023-03-01,79.71,414.22,562.41,761.45,-2.92,58.68,1.0662,106.79
2023-03-02,80.97,404.27,535.72,731.98,-5.23,46.6,1.0674,103.92
2023-03-03,79.88,419.83,622.66,734.45,1.38,56.3,1.0729,104.41
2023-03-06,80.52,442.89,617.05,688.35,-12.3,43.84,1.0715,104.07
2023-03-07,78.8,492.76,657.62,766.72,4.87,63.21,1.0687,102.5
2023-03-08,78.37,394.92,639.72,736.16,-5.22,56.31,1.0725,103.43
2023-03-09,79.83,447.6,583.38,810.63,-2.0,55.95,1.0692,107.44
2023-03-10,79.32,445.17,581.44,725.64,2.17,56.15,1.0655,103.65
2023-03-13,79.68,484.34,631.26,717.29,-9.02,47.12,1.0687,111.27
2023-03-14,80.51,440.26,594.81,731.58,-12.16,59.47,1.0684,112.11
2023-03-15,80.9,433.45,657.5,723.64,-9.37,43.46,1.0689,104.88
2023-03-16,81.4,465.26,569.61,703.22,-6.32,56.21,1.0717,102.56
2023-03-17,79.12,392.79,598.78,717.76,2.24,60.74,1.0654,103.03
2023-03-20,79.19,420.18,572.58,684.57,-5.42,58.84,1.0663,106.22
2023-03-21,79.58,446.8,585.77,737.85,-13.22,53.8,1.0711,103.25
2023-03-22,80.33,465.13,612.53,778.99,-1.63,54.15,1.0775,104.32
2023-03-23,80.16,460.32,612.52,799.45,-14.23,54.67,1.0763,99.61
2023-03-24,80.39,437.67,659.86,702.65,-8.99,59.16,1.078,102.87
2023-03-27,79.33,449.18,622.79,654.22,-9.46,57.46,1.0769,105.96
2023-03-28,80.0,430.17,668.12,732.13,-5.41,51.94,1.0798,101.89
2023-03-29,77.75,445.18,586.72,748.93,-9.96,58.82,1.081,103.33
2023-03-30,79.8,444.95,583.04,727.31,-12.78,59.65,1.082,103.53
2023-03-31,80.63,413.42,587.56,696.43,-2.57,52.09,1.0777,100.09
2023-04-03,81.23,459.6,643.99,793.36,1.28,48.81,1.0793,108.31
2023-04-04,82.88,462.71,600.58,749.08,-9.29,58.79,1.0803,107.04
2023-04-05,81.21,426.9,621.93,822.95,-6.23,55.54,1.0816,102.28
2023-04-06,79.12,441.37,611.55,802.64,-3.54,50.87,1.0826,107.48
2023-04-07,78.62,428.57,618.52,664.7,-6.35,49.19,1.0889,104.19
2023-04-10,81.86,434.54,638.13,735.19,4.22,66.03,1.0912,104.16
2023-04-11,81.37,440.23,623.12,722.41,-5.75,61.25,1.0932,105.85
2023-04-12,82.18,509.91,599.08,741.1,-5.91,55.51,1.0913,99.56
2023-04-13,82.0,443.58,629.35,828.26,-6.34,54.37,1.0894,103.38
2023-04-14,85.24,460.17,642.01,628.21,-2.14,62.45,1.0877,106.22
2023-04-17,87.02,462.24,665.34,884.98,-9.53,62.8,1.0903,108.3
2023-04-18,87.06,475.54,615.6,829.25,-13.76,59.93,1.0864,108.75
2023-04-19,85.19,466.66,676.11,736.19,1.15,51.18,1.0868,105.51
2023-04-20,83.03,469.65,568.64,609.88,-7.33,54.55,1.0891,103.33
2023-04-21,83.86,459.26,636.17,783.81,-9.66,54.78,1.0837,110.25
2023-04-24,82.72,469.53,618.58,731.77,-5.73,58.28,1.08,106.3
2023-04-25,82.32,430.75,632.8,733.74,-11.74,56.7,1.0802,104.7
2023-04-26,79.88,451.67,601.18,783.88,-3.7,54.65,1.0809,108.59
2023-04-27,78.21,371.35,586.98,759.47,-13.85,49.43,1.0788,105.6
2023-04-28,78.7,427.75,562.54,758.2,-3.99,47.36,1.0773,106.62
2023-05-01,79.39,482.99,587.95,803.58,-9.33,45.68,1.0798,104.5
2023-05-02,81.05,455.56,648.4,716.79,-13.02,61.08,1.0823,109.33
2023-05-03,81.35,445.11,542.46,853.96,-3.04,60.45,1.0804,108.03
2023-05-04,80.32,437.49,594.09,765.61,-14.08,56.68,1.0782,106.81
2023-05-05,81.09,461.6,547.77,738.12,-1.32,51.15,1.0786,106.28
2023-05-08,83.25,467.22,574.78,804.24,3.43,58.69,1.0789,104.22
2023-05-09,83.92,466.81,624.04,717.23,-7.24,60.06,1.0804,105.39
2023-05-10,84.87,492.01,668.1,715.3,-7.82,48.65,1.0788,106.2
2023-05-11,84.69,463.15,669.48,783.69,-14.13,57.84,1.0742,107.66
2023-05-12,85.98,463.26,691.5,735.61,-14.7,66.31,1.0758,106.0
2023-05-15,86.25,443.48,648.48,826.48,1.76,51.38,1.0805,108.23
2023-05-16,85.97,488.3,643.48,945.45,-7.83,40.81,1.0805,105.42
2023-05-17,86.27,484.03,610.3,780.02,-0.09,56.19,1.077,106.26
2023-05-18,84.64,436.28,652.21,798.9,-13.59,53.15,1.0743,107.44
2023-05-19,84.23,453.6,607.28,783.21,-8.2,55.02,1.0777,104.94
2023-05-22,84.14,484.74,654.05,771.44,-1.69,59.86,1.076,113.12
2023-05-23,81.98,434.79,617.73,799.14,-10.93,61.52,1.0822,112.53
2023-05-24,82.18,438.54,585.41,699.06,-3.6,50.52,1.0871,105.72
2023-05-25,80.52,478.75,580.41,721.18,-11.7,59.46,1.0829,102.45
2023-05-26,79.9,438.74,658.86,689.21,-8.64,56.86,1.0847,105.4
2023-05-29,78.95,401.28,564.85,724.26,-6.8,51.82,1.0795,107.32
2023-05-30,78.4,373.55,606.33,648.28,4.57,53.28,1.0774,109.61
2023-05-31,78.58,412.81,587.32,738.44,-12.23,56.66,1.0762,109.4
2023-06-01,78.84,419.65,578.9,769.76,-9.75,47.32,1.0757,107.75
2023-06-02,79.63,462.18,586.78,762.08,4.75,60.04,1.0811,104.2
2023-06-05,79.16,397.36,599.91,746.96,-2.07,54.89,1.0805,105.03
2023-06-06,76.9,420.65,534.58,714.55,-0.79,60.92,1.0777,107.06
2023-06-07,76.9,423.97,583.67,684.5,-10.74,55.99,1.0809,102.9
2023-06-08,74.75,415.72,538.89,643.28,-9.78,55.34,1.0752,109.11
2023-06-09,74.69,389.54,478.19,665.77,0.47,50.95,1.0755,106.63
2023-06-12,74.01,414.6,587.69,639.9,5.0,47.69,1.0739,109.14
2023-06-13,71.71,383.11,676.46,665.11,-1.9,54.07,1.0732,109.01
2023-06-14,72.83,386.78,527.22,608.08,-3.49,58.46,1.0763,105.83
2023-06-15,71.81,399.55,471.45,728.74,-4.05,56.78,1.0814,105.05
2023-06-16,73.37,446.11,545.83,642.7,-5.86,53.68,1.0749,107.2
2023-06-19,70.23,355.82,513.09,646.73,1.39,61.77,1.0683,108.84
2023-06-20,70.31,418.8,526.67,675.34,-12.09,59.03,1.0678,105.18
2023-06-21,70.61,419.14,545.53,643.34,-13.88,50.84,1.0632,107.64
2023-06-22,71.52,367.8,564.54,700.31,-11.05,55.9,1.0659,107.03
2023-06-23,72.29,428.95,479.8,652.62,-0.3,52.65,1.0638,106.04
2023-06-26,73.47,469.88,487.3,639.06,-3.7,59.41,1.0583,106.78
2023-06-27,75.78,404.02,632.59,632.35,-11.5,59.58,1.0571,108.49
2023-06-28,77.03,414.28,603.01,639.47,-5.94,54.31,1.0518,105.68
2023-06-29,80.33,471.52,597.61,736.12,-13.76,52.32,1.0502,107.51
2023-06-30,78.92,400.7,534.67,697.06,-4.23,53.4,1.047,111.32
2023-07-03,76.21,437.51,614.93,675.25,-5.72,66.07,1.0488,112.25
2023-07-04,75.97,432.98,512.46,745.08,-5.94,53.62,1.0527,108.9
2023-07-05,76.75,418.66,607.08,672.01,2.32,55.65,1.0481,109.66
2023-07-06,75.77,421.38,601.42,734.12,-1.67,57.65,1.0527,109.67
2023-07-07,76.07,457.07,594.94,759.29,-14.81,54.79,1.0531,108.69
2023-07-10,74.78,391.86,553.53,600.0,-1.69,53.0,1.0484,105.6
2023-07-11,76.64,413.24,585.97,654.11,1.2,56.18,1.0515,103.66
2023-07-12,76.54,431.82,523.19,679.38,-5.1,63.61,1.0499,108.14
2023-07-13,77.82,380.87,670.76,689.47,-12.52,49.95,1.0499,109.54
2023-07-14,79.47,480.51,541.87,694.5,-4.2,59.46,1.0514,110.54
2023-07-17,80.86,401.49,602.8,743.64,-12.7,64.22,1.0471,113.16
2023-07-18,83.47,483.16,636.49,754.87,4.08,56.81,1.048,104.59
2023-07-19,82.38,441.5,597.51,707.79,-12.04,54.56,1.0508,105.22
2023-07-20,83.55,457.43,584.74,718.22,-2.47,61.79,1.051,107.87
2023-07-21,84.88,472.23,616.68,862.91,0.77,68.75,1.048,108.87
2023-07-24,86.5,485.5,690.58,709.13,-8.77,62.6,1.0538,108.21
2023-07-25,86.18,468.79,607.47,761.7,-2.23,55.87,1.054,108.15
2023-07-26,86.39,477.45,656.76,766.4,-11.27,59.69,1.0572,112.24
2023-07-27,86.8,415.58,662.81,870.02,-11.02,52.85,1.0675,110.3
2023-07-28,87.08,473.61,589.51,848.82,2.71,60.7,1.0667,103.62
2023-07-31,86.53,497.15,734.04,759.66,-9.61,51.25,1.0654,114.62
2023-08-01,84.62,451.66,629.25,756.27,3.62,61.35,1.0615,105.49
2023-08-02,85.58,463.31,662.04,807.47,-2.17,61.82,1.0632,108.88
2023-08-03,82.87,456.47,641.22,730.07,-11.01,48.44,1.0636,111.15
2023-08-04,82.41,480.68,593.35,722.04,1.01,61.72,1.0621,110.66
2023-08-07,82.95,492.09,614.36,791.97,-0.46,55.62,1.0606,104.41
2023-08-08,82.5,451.64,573.86,760.89,3.84,59.52,1.0633,107.76
2023-08-09,83.98,455.4,653.33,768.75,2.83,49.51,1.0638,110.94
2023-08-10,83.8,458.44,680.63,719.78,-4.02,55.7,1.063,106.84
2023-08-11,81.7,442.38,627.47,683.66,-13.12,59.04,1.064,107.78
2023-08-14,81.43,434.4,612.26,742.9,3.88,53.54,1.0625,107.74
2023-08-15,79.62,461.37,601.83,696.88,-8.49,61.61,1.06,108.33
2023-08-16,80.64,416.73,549.04,755.94,4.07,64.28,1.0604,109.68
2023-08-17,80.13,416.23,602.02,706.33,-9.86,64.9,1.0606,109.29
2023-08-18,79.58,424.96,591.84,750.97,-1.96,62.33,1.066,107.14
2023-08-21,78.16,472.04,677.56,719.38,-1.75,64.31,1.0646,111.36
2023-08-22,77.6,454.78,599.42,720.42,3.58,57.76,1.0721,108.39
2023-08-23,76.63,424.44,604.68,636.77,-1.63,54.88,1.0732,107.57
2023-08-24,74.35,394.43,552.71,721.03,-0.26,60.24,1.0747,108.64
2023-08-25,73.28,427.06,595.35,727.47,4.47,65.88,1.0742,109.2
2023-08-28,76.22,443.82,566.23,679.72,-5.11,61.09,1.0778,107.61
2023-08-29,74.83,359.34,615.28,622.48,-4.93,58.66,1.0801,112.27
2023-08-30,76.22,428.66,561.51,723.61,-14.21,59.79,1.0818,106.24
2023-08-31,75.1,398.91,588.64,739.1,-13.28,56.83,1.0867,108.46
2023-09-01,77.19,364.82,567.29,761.46,-7.48,59.59,1.0917,103.45
2023-09-04,76.94,446.68,556.79,665.16,-7.23,59.45,1.0981,101.94
2023-09-05,73.63,385.64,582.48,709.27,-2.28,59.49,1.0989,104.44
2023-09-06,75.6,446.88,586.05,636.83,1.81,48.61,1.0958,105.07
2023-09-07,74.95,410.51,522.65,730.57,-6.06,63.41,1.0962,105.25
2023-09-08,74.46,448.43,568.77,726.36,-5.94,58.16,1.0957,105.66
2023-09-11,74.1,352.45,639.23,664.95,0.93,61.94,1.1,104.9
2023-09-12,72.43,412.78,589.34,605.11,4.37,58.91,1.1045,108.41
2023-09-13,73.22,366.24,528.95,659.38,-2.95,61.58,1.1025,104.71
2023-09-14,71.8,418.44,585.19,651.26,-3.79,58.24,1.1012,107.29
2023-09-15,72.74,443.46,588.08,684.61,-2.81,64.4,1.0958,105.93
2023-09-18,72.52,346.93,573.46,622.09,-11.18,61.07,1.1004,107.25
2023-09-19,72.97,369.59,510.86,699.61,-7.62,54.48,1.1053,107.81
2023-09-20,71.5,409.82,546.27,728.46,-9.09,57.32,1.1087,103.62
2023-09-21,72.62,403.67,536.69,679.23,-14.84,61.65,1.1099,110.79
2023-09-22,71.49,455.24,480.08,674.76,-6.51,68.87,1.1073,107.97
2023-09-25,73.16,400.52,517.83,684.48,0.33,62.82,1.1084,101.47
2023-09-26,71.18,431.75,567.59,681.2,-5.38,62.18,1.1066,109.78
2023-09-27,73.76,356.07,535.33,718.2,3.84,58.89,1.104,106.84
2023-09-28,73.75,404.75,467.17,672.88,-10.48,63.36,1.1039,111.81
2023-09-29,72.7,397.77,477.09,628.66,-9.24,64.29,1.1058,111.06
2023-10-02,72.58,344.18,452.82,662.07,-1.95,54.04,1.101,99.69
2023-10-03,72.74,358.21,526.26,600.0,-0.81,65.21,1.1051,102.4
2023-10-04,72.36,359.51,526.8,644.25,3.71,60.87,1.1039,107.18
2023-10-05,71.1,330.06,513.15,672.02,-10.49,52.56,1.1042,101.98
2023-10-06,71.56,391.54,514.16,643.86,-8.4,55.89,1.1033,107.4
2023-10-09,70.25,413.01,562.61,600.0,-9.66,67.0,1.107,107.19
2023-10-10,68.14,375.57,568.39,600.0,-11.35,62.66,1.1068,108.35
2023-10-11,67.37,363.6,476.56,653.09,2.47,58.48,1.1077,103.93
2023-10-12,70.13,387.01,596.92,600.0,-2.49,56.26,1.1061,99.98
2023-10-13,71.07,426.28,524.61,600.0,-2.88,61.69,1.1051,100.49
2023-10-16,70.15,340.44,529.62,627.33,-3.51,61.42,1.1016,98.03
2023-10-17,71.18,378.94,554.04,649.77,-10.4,64.95,1.1022,105.35
2023-10-18,71.57,441.94,602.37,640.01,-6.24,68.63,1.0979,100.79
2023-10-19,70.82,408.34,524.54,632.04,-9.63,51.46,1.0998,104.18
2023-10-20,71.76,402.99,555.07,622.38,-4.79,54.6,1.1011,110.64
2023-10-23,73.64,435.74,518.75,600.0,-13.34,57.12,1.1009,104.84
2023-10-24,75.5,456.49,639.17,676.19,-5.35,59.6,1.1056,106.53
2023-10-25,74.97,451.86,527.32,694.77,-8.37,53.7,1.1049,104.7
2023-10-26,75.11,392.62,569.14,723.75,-12.47,64.36,1.101,102.09
2023-10-27,75.72,404.08,558.9,633.21,3.45,60.79,1.103,103.01
2023-10-30,78.13,431.54,592.86,611.75,-10.18,68.94,1.1091,106.28
2023-10-31,76.27,358.32,578.25,600.0,-6.92,61.55,1.1103,106.3
2023-11-01,77.38,410.32,515.07,851.44,4.07,64.0,1.1159,100.89
2023-11-02,75.24,428.46,606.09,736.04,4.04,60.15,1.1134,100.04
2023-11-03,74.03,398.42,492.04,656.72,-9.98,59.64,1.111,104.01
2023-11-06,73.73,408.71,563.7,707.05,-3.99,52.93,1.1126,104.04
2023-11-07,76.24,349.47,528.85,734.4,-12.4,60.06,1.1081,109.37
2023-11-08,75.82,412.36,585.07,727.7,0.6,51.26,1.1083,104.27
2023-11-09,76.37,385.47,615.89,693.21,-12.13,65.96,1.1094,104.74
2023-11-10,76.61,452.01,582.56,605.02,-13.57,55.64,1.1144,105.24
2023-11-13,76.32,477.83,614.78,767.41,0.61,59.13,1.119,104.59
2023-11-14,73.23,440.2,585.02,665.1,-9.58,65.0,1.119,107.9
2023-11-15,73.19,434.96,534.18,669.79,-8.5,63.78,1.1215,101.85
2023-11-16,73.94,411.37,504.01,600.0,-9.55,49.62,1.1194,109.88
2023-11-17,75.38,355.48,512.41,747.31,-13.3,55.22,1.1224,105.84
2023-11-20,73.85,414.31,580.57,643.81,-3.91,61.33,1.1205,100.65
2023-11-21,74.41,353.97,638.08,722.62,-10.58,72.41,1.1225,109.74
2023-11-22,71.59,386.59,579.5,643.97,-10.53,56.68,1.1227,102.99
2023-11-23,73.07,388.71,524.47,696.82,-5.3,63.12,1.1228,105.36
2023-11-24,73.18,416.06,513.79,658.8,-4.82,60.14,1.1272,102.01
2023-11-27,74.12,393.09,522.33,681.84,-9.11,65.24,1.1288,102.63
2023-11-28,74.89,438.07,577.05,691.23,4.88,65.79,1.1267,101.03
2023-11-29,76.96,371.1,610.29,736.78,2.24,61.66,1.1243,106.77
2023-11-30,76.47,377.85,622.82,642.66,-10.31,54.92,1.127,111.79
2023-12-01,78.27,430.84,606.45,688.56,-9.47,65.88,1.1198,100.91
2023-12-04,78.11,413.3,631.38,759.98,0.34,70.87,1.1189,102.53
2023-12-05,78.16,430.91,586.09,700.22,-8.16,56.78,1.1207,97.45
2023-12-06,77.21,413.93,589.56,643.69,-5.11,59.57,1.1214,98.26
2023-12-07,76.03,448.31,534.82,711.76,-12.57,60.7,1.117,100.82
2023-12-08,77.97,429.42,558.13,804.17,-10.06,58.55,1.1181,105.61
2023-12-11,78.4,430.56,618.52,723.82,-10.55,55.46,1.1177,102.95
2023-12-12,77.28,410.98,537.47,697.02,-0.77,66.69,1.119,97.76
2023-12-13,75.97,416.94,605.55,648.04,-4.63,71.02,1.1183,105.82
2023-12-14,75.28,372.8,551.21,768.57,-5.26,74.42,1.1211,102.94
2023-12-15,75.5,418.27,565.62,652.26,-4.66,66.94,1.1192,105.45
2023-12-18,75.37,441.4,526.97,680.34,-12.96,66.83,1.1197,102.34
2023-12-19,77.3,418.63,625.89,653.91,-2.63,58.59,1.1239,101.36
2023-12-20,79.12,396.2,545.28,600.0,0.54,61.45,1.1267,104.51
2023-12-21,78.48,442.98,616.59,656.9,-14.91,61.19,1.1208,101.06
2023-12-22,79.28,457.29,635.93,726.85,-14.9,57.41,1.1213,104.18
2023-12-25,79.01,450.88,549.88,717.24,-14.11,59.45,1.1215,102.65
2023-12-26,80.56,451.11,633.66,743.96,-8.41,72.47,1.1192,103.72
2023-12-27,79.75,430.09,612.25,714.16,-14.91,61.79,1.1203,102.63
2023-12-28,81.38,390.42,675.38,724.15,-13.06,62.88,1.1176,99.94
2023-12-29,82.15,461.06,650.38,691.48,-12.44,66.62,1.1203,102.48
2024-01-01,80.49,478.57,591.57,714.09,-3.62,67.19,1.1202,106.56
2024-01-02,79.1,401.95,629.23,717.14,-2.45,62.69,1.1256,103.71
2024-01-03,77.93,409.49,617.54,711.7,-14.76,75.61,1.124,107.2
2024-01-04,78.24,427.42,557.04,708.33,-1.89,61.02,1.1281,99.23
2024-01-05,76.8,377.94,562.08,732.08,-12.13,62.61,1.1274,98.26
2024-01-08,75.38,445.29,568.34,738.3,-3.53,53.41,1.1339,104.54
2024-01-09,76.19,376.62,530.71,602.61,-7.47,64.45,1.1293,98.26
2024-01-10,76.37,431.7,592.06,669.97,-2.15,62.85,1.1289,102.04
2024-01-11,74.9,399.65,552.07,682.9,0.13,59.0,1.1232,99.19
2024-01-12,76.54,465.66,602.87,670.83,-7.94,56.89,1.1243,102.59
2024-01-15,76.02,402.06,562.46,730.24,2.33,67.27,1.1266,104.63
2024-01-16,74.01,402.8,512.47,743.08,-5.35,73.52,1.1251,102.4
2024-01-17,74.28,366.94,594.69,600.0,-11.28,57.96,1.1273,104.42
2024-01-18,75.58,401.9,584.21,716.58,-7.39,54.26,1.1235,103.28
2024-01-19,76.34,382.09,551.51,698.81,-7.38,51.92,1.1246,104.44
2024-01-22,77.14,445.22,642.58,728.25,-2.02,66.59,1.1239,105.67
2024-01-23,76.45,418.36,642.1,712.21,-10.27,64.08,1.1295,104.25
2024-01-24,77.74,425.26,576.56,692.64,-8.74,65.78,1.1284,104.02
2024-01-25,75.52,400.36,584.19,616.52,4.17,61.65,1.1267,100.2
2024-01-26,74.0,397.39,562.74,651.69,-12.41,68.83,1.1211,103.23
2024-01-29,76.12,418.22,571.96,723.28,-13.42,59.53,1.1156,105.07
2024-01-30,74.89,391.26,632.12,647.69,-5.83,62.63,1.1121,99.15
2024-01-31,77.98,481.65,644.61,735.03,-11.0,69.0,1.1078,102.15
2024-02-01,79.03,431.4,638.59,840.3,-12.74,56.4,1.1066,103.02
2024-02-02,77.19,427.45,571.46,696.06,-0.9,71.39,1.1009,104.91
2024-02-05,74.68,399.09,569.25,648.69,2.43,58.72,1.1039,101.43
2024-02-06,75.32,453.16,472.65,706.84,-1.0,56.79,1.1015,105.5
2024-02-07,75.16,384.19,548.75,717.51,-13.87,66.92,1.1007,105.07
2024-02-08,76.77,467.34,600.41,622.99,3.08,69.89,1.102,103.16
2024-02-09,77.48,478.59,601.51,648.21,-9.37,55.54,1.1034,104.52
2024-02-12,78.86,383.95,671.28,728.45,-6.62,68.24,1.0995,101.35
2024-02-13,76.25,505.17,578.11,724.8,-12.01,65.66,1.1028,107.39
2024-02-14,75.02,449.46,477.52,693.79,3.44,64.95,1.1013,103.36
2024-02-15,74.91,439.47,550.91,665.28,3.87,67.8,1.0987,105.65
2024-02-16,76.38,386.84,649.27,733.8,0.04,64.78,1.0993,109.17
2024-02-19,74.76,402.19,549.48,680.81,-2.2,58.2,1.1003,103.73
2024-02-20,74.64,356.39,651.64,784.71,-9.0,58.85,1.0985,106.76
2024-02-21,75.56,439.92,651.25,684.29,-10.57,59.73,1.0979,103.34
2024-02-22,74.65,372.47,531.01,600.0,-2.49,66.12,1.0967,101.17
2024-02-23,76.77,411.03,544.94,743.78,3.16,63.81,1.0957,105.18
2024-02-26,77.77,361.75,599.53,708.37,-11.71,56.28,1.0941,104.95
2024-02-27,78.07,415.26,588.67,645.54,-8.62,69.92,1.0923,105.11
2024-02-28,76.63,386.58,558.21,724.01,-10.1,67.88,1.0905,104.06
2024-02-29,75.06,396.62,603.15,659.95,-2.47,67.86,1.0906,104.86
2024-03-01,74.48,418.98,555.03,600.0,-8.45,69.48,1.0844,114.31
2024-03-04,75.0,428.61,536.24,629.4,-13.08,64.65,1.0806,106.0
2024-03-05,74.6,412.22,537.59,701.67,-8.12,68.34,1.0764,107.56
2024-03-06,74.32,402.08,598.12,676.29,4.98,58.72,1.0813,107.04
2024-03-07,76.13,423.89,601.7,727.3,-5.86,61.33,1.0795,102.46
2024-03-08,75.18,425.67,606.25,713.2,-5.78,56.84,1.0795,105.48
2024-03-11,75.47,458.21,495.81,691.05,-13.74,60.67,1.0796,105.08
2024-03-12,74.4,420.35,564.85,650.03,0.33,63.51,1.0789,101.23
2024-03-13,77.48,385.3,616.26,731.23,-11.84,71.85,1.0764,99.56
2024-03-14,77.88,434.39,619.29,726.94,-14.85,61.51,1.0751,119.14
2024-03-15,79.66,414.38,547.18,713.07,-0.97,67.23,1.0785,109.28
2024-03-18,79.93,500.84,579.05,647.31,-1.73,70.72,1.0784,110.85
2024-03-19,80.8,460.64,562.13,755.71,-8.47,59.66,1.0774,113.99
2024-03-20,79.69,449.04,552.74,670.84,-11.24,68.4,1.0741,107.51
2024-03-21,77.63,407.37,518.59,712.04,-14.22,61.68,1.0735,107.72
2024-03-22,76.77,413.65,628.98,690.15,0.08,67.31,1.0753,110.63
2024-03-25,78.39,463.22,527.68,713.33,4.79,69.12,1.0733,105.14
2024-03-26,77.0,367.82,604.42,817.25,-8.22,57.93,1.0773,102.55
2024-03-27,78.85,458.06,595.12,726.0,-12.17,59.17,1.0794,109.93
2024-03-28,79.25,394.43,522.79,698.13,1.96,72.94,1.0783,107.91
2024-03-29,80.67,403.14,667.37,694.28,-6.64,60.61,1.0782,102.25
2024-04-01,78.33,450.14,597.57,670.16,-4.4,70.4,1.0814,107.72
2024-04-02,79.36,492.03,615.92,766.2,-13.61,62.79,1.0876,103.22
2024-04-03,77.67,416.98,625.82,799.88,-6.64,67.79,1.089,108.88
2024-04-04,76.32,406.93,589.79,615.28,-5.72,65.4,1.0867,107.1
2024-04-05,78.04,441.15,574.05,685.76,-7.77,70.81,1.089,109.99
2024-04-08,78.29,424.26,603.7,735.19,-13.95,63.72,1.0877,113.06
2024-04-09,77.08,401.11,645.06,727.34,-2.25,61.21,1.0879,106.38
2024-04-10,75.4,444.36,584.6,649.9,-12.92,70.34,1.0863,104.92
2024-04-11,75.37,440.92,553.9,728.51,-1.9,63.47,1.0862,108.38
2024-04-12,72.57,405.5,568.15,712.76,-3.58,69.53,1.0849,108.49
2024-04-15,74.79,458.1,525.31,641.43,-14.61,66.13,1.0899,114.25
2024-04-16,75.08,361.62,557.42,638.27,-3.78,74.91,1.0944,110.81
2024-04-17,73.39,382.2,533.51,675.21,-0.62,71.22,1.0974,107.22
2024-04-18,72.19,421.69,554.73,663.47,-9.79,66.26,1.1005,107.2
2024-04-19,73.26,415.92,520.98,737.91,-10.14,65.98,1.0904,111.52
2024-04-22,74.23,390.99,536.25,702.3,-14.17,56.12,1.0906,107.23
2024-04-23,75.26,409.58,561.11,691.08,-6.35,68.06,1.0899,105.24
2024-04-24,75.51,430.33,564.85,643.26,1.88,65.93,1.0888,104.36
2024-04-25,74.39,423.51,508.21,666.77,-11.67,75.76,1.0913,111.14
2024-04-26,75.48,415.45,521.05,600.0,-6.8,64.33,1.089,112.74
2024-04-29,77.08,474.58,626.08,682.52,-4.88,74.79,1.0929,105.9
2024-04-30,76.52,406.66,527.75,816.74,1.74,58.27,1.0913,116.62
2024-05-01,77.21,439.18,587.0,790.24,1.46,65.35,1.0909,112.34
2024-05-02,75.81,390.82,600.45,705.01,-4.93,68.61,1.0891,112.71
2024-05-03,76.29,432.23,591.46,737.72,-12.55,65.47,1.0909,104.69
2024-05-06,75.63,421.46,566.1,725.4,0.97,66.33,1.0881,109.97
2024-05-07,76.2,443.17,620.18,615.92,-11.23,63.39,1.0891,112.6
2024-05-08,79.03,459.75,547.61,683.39,-3.49,66.03,1.0886,111.19
2024-05-09,77.34,419.83,639.05,779.12,-7.62,61.93,1.0868,107.2
2024-05-10,77.42,458.13,611.61,676.09,-10.64,62.88,1.0833,107.96
2024-05-13,78.06,426.46,530.94,717.34,4.71,74.38,1.0848,106.67
2024-05-14,78.82,387.37,548.55,756.73,4.11,70.18,1.089,111.13
2024-05-15,80.12,450.44,617.24,684.56,-12.8,65.61,1.0924,108.3
2024-05-16,79.85,411.6,617.02,679.07,-8.85,69.91,1.0905,108.81
2024-05-17,79.96,465.34,564.26,738.81,-5.84,63.36,1.0936,111.24
2024-05-20,79.63,441.92,557.26,616.87,3.68,69.76,1.0962,113.27
2024-05-21,80.58,348.93,639.74,729.15,-11.84,62.12,1.0906,108.94
2024-05-22,83.21,461.86,645.04,736.63,-7.03,73.19,1.0916,111.99
2024-05-23,83.72,471.27,661.14,750.76,-1.67,67.75,1.0926,109.17
2024-05-24,83.34,497.66,624.11,802.7,-11.11,75.34,1.0937,110.79
2024-05-27,85.24,534.07,683.58,813.9,-0.73,69.46,1.0886,111.98
2024-05-28,84.81,466.75,653.88,744.18,-8.48,56.28,1.0935,108.82
2024-05-29,84.97,481.74,592.79,737.56,2.84,60.86,1.0902,112.58
2024-05-30,84.08,508.82,622.43,691.21,4.81,60.07,1.0913,109.86
2024-05-31,83.14,440.28,611.46,703.49,-1.87,66.55,1.0939,108.73
2024-06-03,84.11,495.1,686.94,746.35,-14.66,65.31,1.098,112.18
2024-06-04,82.13,470.0,595.0,819.3,4.65,75.34,1.1011,105.37
2024-06-05,83.27,447.59,628.75,676.52,4.55,64.05,1.0989,110.98
2024-06-06,83.65,500.63,613.42,726.08,-14.19,60.5,1.0931,108.74
2024-06-07,84.83,473.26,610.84,802.97,-10.78,71.97,1.0939,110.21
2024-06-10,84.39,449.46,638.96,688.11,-12.52,68.8,1.0855,107.55
2024-06-11,85.6,472.01,671.13,828.02,-2.75,67.97,1.0863,114.49
2024-06-12,87.38,482.35,683.5,730.56,3.7,65.69,1.0875,109.68
2024-06-13,87.28,503.88,654.94,855.38,4.0,66.24,1.0856,111.25
2024-06-14,86.41,477.61,620.66,853.69,-14.6,65.5,1.0864,114.83
2024-06-17,85.11,484.85,610.38,752.46,-13.45,76.0,1.0861,102.38
2024-06-18,83.74,453.89,641.54,663.95,-11.46,71.73,1.086,109.62
2024-06-19,82.66,465.28,595.31,755.13,-0.22,71.77,1.0863,113.24
2024-06-20,83.27,454.9,611.22,786.52,-5.47,64.02,1.0895,109.74
2024-06-21,84.88,437.71,676.03,770.32,-10.53,72.92,1.0904,106.71
2024-06-24,84.64,488.76,700.26,738.16,-13.7,70.98,1.09,112.58
2024-06-25,83.66,443.87,597.31,705.79,-8.18,74.12,1.0855,114.36
2024-06-26,82.24,441.41,636.61,634.25,2.3,61.87,1.0881,111.92
2024-06-27,80.64,479.92,633.09,715.5,-0.77,62.88,1.0836,112.89
2024-06-28,80.41,368.45,611.21,732.48,-10.54,69.91,1.0845,109.48
2024-07-01,82.3,480.73,640.75,752.78,-7.32,65.58,1.0756,107.42
2024-07-02,83.85,449.06,655.57,707.83,4.94,67.21,1.0784,110.47
2024-07-03,82.64,390.41,663.3,734.71,-3.31,68.65,1.076,108.95
2024-07-04,80.03,483.38,603.91,637.36,-5.1,75.79,1.0731,105.97
2024-07-05,78.6,407.34,549.78,664.96,-12.05,56.37,1.0737,110.08
2024-07-08,77.94,413.46,574.47,749.89,-4.62,68.25,1.0777,109.27
2024-07-09,75.83,385.71,506.52,631.26,-3.79,70.0,1.0736,108.47
2024-07-10,75.12,467.81,617.56,669.56,-1.1,60.66,1.0789,110.7
2024-07-11,75.63,397.1,566.32,691.15,-6.37,76.77,1.0776,108.65
2024-07-12,75.62,427.39,528.88,631.83,-10.62,69.78,1.0763,107.61
2024-07-15,75.75,456.74,586.61,635.17,1.7,68.77,1.077,113.79
2024-07-16,76.65,401.82,610.87,600.0,-8.1,68.64,1.078,109.89
2024-07-17,78.14,378.65,545.81,616.76,-2.1,63.9,1.0768,109.58
2024-07-18,80.57,458.26,581.6,751.66,1.09,72.05,1.0827,109.77
2024-07-19,80.49,397.96,585.96,719.34,-14.88,69.63,1.086,111.62
2024-07-22,80.81,472.92,604.51,712.71,-0.44,70.39,1.0871,113.42
2024-07-23,78.22,425.97,564.92,670.94,-5.7,70.25,1.0881,112.16
2024-07-24,77.7,417.22,564.26,627.03,4.11,71.38,1.0865,110.98
2024-07-25,79.58,408.54,628.49,735.77,-7.78,64.69,1.0894,109.72
2024-07-26,83.32,423.94,666.72,672.08,-8.16,60.91,1.0885,114.46
2024-07-29,85.25,473.74,678.0,789.07,-7.91,72.74,1.0826,107.24
2024-07-30,83.18,495.27,678.58,734.93,-0.93,78.46,1.0815,110.72
2024-07-31,81.96,442.24,653.35,767.32,4.05,73.05,1.0814,105.39
2024-08-01,80.47,452.6,556.71,710.42,-0.49,67.33,1.0821,112.19
2024-08-02,80.81,435.44,625.67,678.33,-3.5,69.15,1.0792,111.6
2024-08-05,77.42,459.86,582.67,679.99,-5.47,74.29,1.0767,116.9
2024-08-06,77.55,457.11,629.86,745.38,3.63,69.12,1.0776,104.45
2024-08-07,78.32,422.86,636.07,669.11,-6.08,68.54,1.0806,113.31
2024-08-08,82.06,481.22,604.32,660.5,-3.37,64.63,1.0806,113.4
2024-08-09,80.12,443.38,617.71,815.68,-12.92,74.79,1.0818,104.01
2024-08-12,78.41,432.31,634.94,704.28,-12.85,61.84,1.0829,113.67
2024-08-13,79.53,437.61,595.56,683.5,-10.83,71.15,1.0869,107.95
2024-08-14,82.23,495.6,572.26,846.35,-2.95,70.3,1.0861,108.31
2024-08-15,82.9,444.13,593.44,666.15,1.89,75.14,1.0882,110.69
2024-08-16,80.52,418.46,612.46,730.33,-8.66,59.05,1.0867,111.19
2024-08-19,77.34,367.26,517.98,689.47,-1.51,67.13,1.0855,109.06
2024-08-20,77.58,432.85,598.91,753.5,-1.39,65.51,1.0819,110.43
2024-08-21,76.96,414.03,579.97,779.11,-4.83,69.06,1.0767,111.42
2024-08-22,77.59,379.23,561.04,685.12,-4.26,68.28,1.0821,114.28
2024-08-23,78.35,460.54,600.63,738.58,-5.3,72.9,1.0751,109.0
2024-08-26,79.18,393.72,549.5,663.31,-10.29,70.85,1.0718,111.8
2024-08-27,78.27,454.45,538.42,749.38,-2.75,65.42,1.068,107.45
2024-08-28,74.54,409.24,603.91,701.79,-6.05,69.81,1.0679,113.33
2024-08-29,75.25,402.63,564.66,667.59,-11.54,67.9,1.0655,108.83
2024-08-30,75.53,381.18,632.52,641.89,-4.63,76.39,1.0653,106.47
2024-09-02,77.88,429.71,532.03,641.06,-4.45,67.37,1.0687,107.5
2024-09-03,79.44,421.54,586.32,831.17,2.53,65.6,1.0644,103.93
2024-09-04,81.46,469.63,625.94,779.02,-3.0,73.05,1.0675,109.91
2024-09-05,81.59,478.5,628.9,734.4,-6.05,75.35,1.0719,105.08
2024-09-06,80.43,429.34,556.97,750.76,-2.91,71.42,1.0729,103.5
2024-09-09,79.39,434.57,567.99,700.91,4.45,71.11,1.0733,104.44
2024-09-10,78.92,430.72,598.07,609.91,-4.34,66.79,1.0699,109.96
2024-09-11,79.48,473.8,687.6,851.34,-3.53,69.05,1.07,108.0
2024-09-12,79.75,440.27,589.59,736.16,-4.08,71.2,1.0667,109.27
2024-09-13,79.14,456.23,577.54,770.04,-6.7,73.38,1.0667,108.38
2024-09-16,79.97,436.64,677.83,706.47,0.01,62.05,1.0663,109.45
2024-09-17,79.09,450.73,661.81,758.41,-10.64,71.99,1.0674,109.0
2024-09-18,79.77,465.37,617.55,729.76,-13.1,75.08,1.0709,103.92
2024-09-19,78.85,472.11,536.18,667.31,-2.14,68.95,1.0682,108.19
2024-09-20,80.71,445.89,676.04,753.92,-12.0,72.71,1.0659,107.24
2024-09-23,81.96,427.48,639.68,681.11,-3.46,79.14,1.063,107.87
2024-09-24,81.11,420.21,633.52,691.13,-11.48,69.97,1.0649,106.33
2024-09-25,81.12,406.46,610.75,638.91,3.1,73.41,1.0656,107.95
2024-09-26,79.78,437.66,589.32,716.75,-8.75,70.97,1.0693,106.14
2024-09-27,78.08,381.11,700.15,719.89,-1.93,75.87,1.0683,113.44
2024-09-30,76.89,410.04,492.0,702.76,3.43,74.96,1.0692,113.63
2024-10-01,77.26,397.8,554.81,697.88,-12.78,59.63,1.0711,107.49
2024-10-02,76.4,409.39,592.13,709.73,-2.51,65.93,1.0716,110.57
2024-10-03,75.89,432.94,558.76,693.73,4.2,76.23,1.0657,109.48
2024-10-04,75.21,397.73,537.45,721.14,-7.69,74.83,1.0645,102.74
2024-10-07,73.54,398.38,530.71,680.9,1.41,73.59,1.0662,106.85
2024-10-08,72.19,429.14,625.76,623.75,-14.57,67.61,1.07,112.24
2024-10-09,71.19,366.91,500.86,666.25,-14.59,74.63,1.0705,105.66
2024-10-10,70.9,384.33,529.39,720.85,-3.57,68.56,1.0785,111.17
2024-10-11,70.62,399.09,516.2,653.81,-6.08,64.25,1.0805,107.62
2024-10-14,70.46,407.64,490.9,631.37,1.18,68.0,1.0818,102.75
2024-10-15,70.39,383.89,517.73,608.13,-9.2,76.62,1.0848,105.49
2024-10-16,70.15,343.22,479.3,600.0,-1.67,74.01,1.087,107.86
2024-10-17,69.25,386.88,532.97,673.19,-8.94,72.05,1.0905,112.65
2024-10-18,69.35,399.35,494.95,621.78,3.19,67.62,1.0876,110.68
2024-10-21,69.06,354.42,514.07,600.0,-7.84,73.69,1.0877,105.94
2024-10-22,69.25,386.41,572.68,628.56,-4.17,63.79,1.0876,104.57
2024-10-23,67.27,404.24,517.72,633.98,-13.64,63.61,1.0923,112.47
2024-10-24,68.35,355.2,530.77,611.95,2.68,62.49,1.0914,107.0
2024-10-25,66.18,309.38,564.02,676.98,-8.04,67.22,1.0947,108.37
2024-10-28,63.28,293.87,532.72,600.0,1.21,78.45,1.0971,105.16
2024-10-29,63.08,367.85,462.65,600.0,2.76,71.3,1.0959,103.47
2024-10-30,63.2,334.34,446.42,679.16,2.15,71.5,1.0907,106.16
2024-10-31,62.81,362.32,496.27,600.0,1.92,83.35,1.0956,107.45
2024-11-01,63.62,349.61,436.01,671.42,-12.29,69.25,1.0935,105.37
2024-11-04,61.75,370.64,435.84,600.0,-7.01,70.72,1.0963,107.15
2024-11-05,63.43,395.68,455.03,600.0,0.64,69.63,1.0936,104.64
2024-11-06,64.78,401.24,556.04,600.0,-4.25,74.93,1.095,104.83
2024-11-07,63.49,369.24,475.36,600.0,1.4,67.77,1.092,109.39
2024-11-08,61.86,371.3,496.32,600.0,1.22,70.96,1.0879,106.55
2024-11-11,61.91,335.43,431.71,600.0,-12.04,74.26,1.0894,106.38
2024-11-12,61.38,315.08,483.0,614.5,-6.54,83.72,1.0876,105.28
2024-11-13,59.23,336.84,451.77,600.0,-11.67,68.53,1.0856,107.38
2024-11-14,61.66,351.13,474.09,600.0,-12.22,77.12,1.0871,100.09
2024-11-15,60.02,311.1,405.23,600.0,-12.35,72.09,1.085,106.88
2024-11-18,62.28,355.29,479.96,600.0,-4.27,63.78,1.0856,103.55
2024-11-19,61.13,321.79,477.68,600.0,-11.44,81.83,1.0853,102.73
2024-11-20,64.14,331.65,519.46,654.78,-6.07,65.37,1.0859,104.79
2024-11-21,65.3,353.17,469.44,637.88,2.38,82.59,1.0879,112.37
2024-11-22,64.51,332.48,495.09,600.0,4.13,65.92,1.0897,108.3
2024-11-25,65.27,385.5,510.25,600.0,-11.8,68.55,1.0866,101.25
2024-11-26,63.81,370.87,570.12,600.0,-5.28,78.86,1.0873,106.17
2024-11-27,62.13,317.51,425.33,600.0,-7.42,78.72,1.0888,107.12
2024-11-28,61.74,294.51,415.77,601.16,-0.25,74.22,1.0904,102.93
2024-11-29,60.04,331.7,402.43,600.0,-1.7,73.45,1.0939,103.07
2024-12-02,60.29,359.11,400.0,600.0,-2.74,72.63,1.0915,108.45
2024-12-03,63.37,342.13,444.06,600.0,0.36,74.25,1.0978,106.57
2024-12-04,63.37,416.55,400.0,608.77,-11.37,68.81,1.0966,103.27
2024-12-05,61.42,292.42,458.03,600.0,3.65,76.21,1.0996,107.03
2024-12-06,62.07,300.68,449.07,646.79,-5.95,79.56,1.1013,107.93
2024-12-09,62.95,354.13,449.67,600.0,-6.21,75.49,1.0987,104.39
2024-12-10,64.17,418.99,582.5,600.0,-13.29,80.23,1.0981,104.52
2024-12-11,63.91,322.36,521.07,600.0,-14.61,76.27,1.1004,102.82
2024-12-12,65.62,338.76,516.58,618.01,-1.08,68.11,1.096,99.47
2024-12-13,66.01,403.03,555.17,613.6,-13.61,64.34,1.0921,102.49
2024-12-16,67.86,371.28,511.83,600.0,1.96,74.63,1.087,109.17
2024-12-17,66.8,347.28,565.23,622.42,-4.29,72.89,1.0852,104.68
2024-12-18,66.52,367.45,475.14,600.0,0.37,78.22,1.0809,107.25
2024-12-19,67.46,393.19,503.73,634.71,-2.62,76.71,1.0749,104.87
2024-12-20,68.99,350.1,507.48,662.49,-5.16,75.08,1.0732,101.96
2024-12-23,68.24,341.25,539.11,600.0,-10.26,69.92,1.0778,103.83
2024-12-24,68.93,374.6,505.85,723.88,4.8,70.48,1.0796,103.81
2024-12-25,69.94,386.47,543.77,717.69,3.24,76.08,1.0784,104.77
2024-12-26,67.91,370.87,521.49,600.0,-14.35,76.04,1.0757,102.56
2024-12-27,69.74,405.24,560.3,702.32,-5.61,78.33,1.0754,108.02
2024-12-30,71.57,343.07,500.91,703.06,-3.37,78.51,1.0761,104.01
2024-12-31,70.77,319.62,511.65,701.24,-10.7,69.81,1.078,105.27
2025-01-01,71.69,433.55,569.75,686.29,4.71,70.19,1.0786,105.63
2025-01-02,71.61,382.41,523.45,660.31,3.3,68.51,1.0805,110.57
2025-01-03,71.85,345.94,526.4,675.42,-2.78,82.64,1.0817,108.31
2025-01-06,71.62,391.29,458.75,613.45,3.89,81.91,1.0832,103.3
2025-01-07,71.49,402.68,491.52,646.05,0.23,84.75,1.0885,105.62
2025-01-08,69.74,433.48,546.62,692.65,3.9,72.93,1.0899,111.16
2025-01-09,71.27,455.64,564.14,708.26,2.88,77.17,1.0882,104.86
2025-01-10,71.32,410.96,527.87,695.34,-9.25,68.29,1.089,107.38
2025-01-13,70.97,418.15,596.78,676.06,-11.98,68.67,1.0841,99.49
2025-01-14,72.03,417.61,585.46,609.95,-2.76,69.64,1.086,107.78
2025-01-15,72.95,430.86,429.65,637.96,-6.0,82.62,1.0851,106.75
2025-01-16,73.25,425.49,572.75,668.4,-1.48,74.95,1.0891,105.32
2025-01-17,73.29,409.28,557.98,600.0,-2.15,70.91,1.0868,105.67
2025-01-20,72.13,397.5,538.25,660.53,-1.69,61.49,1.0886,101.38
2025-01-21,72.14,378.42,602.87,658.43,-2.8,64.22,1.0849,107.8
2025-01-22,72.85,391.47,569.04,671.95,-10.28,70.22,1.0797,106.88
2025-01-23,74.0,427.75,547.61,632.2,-1.35,81.03,1.0808,104.01
2025-01-24,74.88,448.55,567.08,669.42,1.67,77.11,1.0772,105.11
2025-01-27,73.94,364.65,518.12,657.8,-9.15,85.67,1.0829,104.17
2025-01-28,73.75,355.92,537.26,611.46,-5.39,81.62,1.0816,104.63
2025-01-29,73.65,472.3,545.89,689.5,-2.11,75.62,1.0815,107.76
2025-01-30,74.38,434.13,608.67,675.17,-10.44,67.49,1.0808,108.83
2025-01-31,74.59,464.14,608.7,727.7,-12.27,70.47,1.0799,106.37
2025-02-03,71.2,362.61,515.2,657.46,-10.85,77.09,1.0865,106.78
2025-02-04,73.63,358.0,523.08,633.01,-3.81,75.58,1.0852,103.78
2025-02-05,75.17,441.23,582.19,688.25,-5.47,81.77,1.0849,106.52
2025-02-06,75.3,446.79,530.25,600.0,-3.87,75.77,1.0828,112.75
2025-02-07,77.07,467.5,520.93,651.06,-4.24,78.98,1.0844,107.84
2025-02-10,76.98,417.9,588.78,600.0,-12.4,87.21,1.0874,100.86
2025-02-11,77.73,507.03,628.49,700.36,0.49,76.93,1.0835,110.6
2025-02-12,80.25,464.02,562.22,725.61,-14.83,82.44,1.0811,108.28
2025-02-13,81.07,452.42,681.55,763.13,-10.13,70.06,1.0782,104.52
2025-02-14,79.75,412.68,546.5,732.19,-8.59,73.12,1.0831,109.54
2025-02-17,77.96,404.59,586.76,715.71,-10.64,67.9,1.0778,106.12
2025-02-18,81.63,426.65,609.09,710.4,4.23,79.52,1.0754,109.58
2025-02-19,82.25,492.28,599.43,788.34,1.31,75.08,1.0753,108.84
2025-02-20,83.45,431.25,590.12,702.17,0.11,69.79,1.0762,106.05
2025-02-21,83.82,436.89,658.72,712.96,0.95,82.17,1.0733,110.11
2025-02-24,83.29,487.26,664.66,784.57,-1.9,74.65,1.0724,106.17
2025-02-25,83.6,449.14,658.03,603.81,2.22,73.13,1.0752,108.33
2025-02-26,82.84,432.12,577.34,693.74,-10.02,79.28,1.0754,106.76
2025-02-27,81.92,380.46,642.81,627.29,1.58,74.69,1.0757,110.37
2025-02-28,83.0,500.52,552.19,712.12,-12.88,79.57,1.076,109.02
2025-03-03,82.25,477.26,639.43,801.44,-5.46,78.47,1.0815,112.61
2025-03-04,83.75,451.69,653.08,777.99,-5.21,67.32,1.08,108.48
2025-03-05,82.97,444.28,571.31,735.31,-7.43,83.81,1.0784,105.12
2025-03-06,81.59,450.07,624.15,653.6,-2.2,82.22,1.0752,112.87
2025-03-07,83.22,465.07,622.72,806.88,-1.51,79.84,1.0706,104.56
2025-03-10,85.02,518.02,579.37,735.69,-12.02,75.36,1.0692,102.05
2025-03-11,85.54,467.65,655.39,755.72,-7.95,66.35,1.0727,111.93
2025-03-12,87.8,527.33,670.49,730.51,-9.66,65.13,1.0732,107.85
2025-03-13,87.51,480.66,629.4,762.38,2.79,78.04,1.0694,112.51
2025-03-14,89.91,470.09,720.9,799.42,-0.43,83.05,1.0693,111.24
2025-03-17,90.5,509.36,658.51,906.17,-8.61,88.81,1.0725,104.76
2025-03-18,89.96,498.77,566.16,907.62,-11.98,76.99,1.0713,107.34
2025-03-19,89.71,446.63,632.25,757.56,-10.83,83.28,1.0663,107.94
2025-03-20,88.42,512.08,679.71,791.17,-3.12,76.6,1.0696,110.73
2025-03-21,90.97,511.29,659.07,778.05,-1.78,79.11,1.0719,113.19
2025-03-24,91.16,521.28,750.62,660.25,-4.94,70.84,1.0668,108.16
2025-03-25,90.52,489.89,614.81,765.98,-1.15,77.47,1.0656,108.48
2025-03-26,91.36,490.23,714.28,825.03,-2.09,85.42,1.0647,110.77
2025-03-27,94.55,507.59,742.25,899.62,-11.27,79.53,1.0638,105.3
2025-03-28,93.72,471.64,755.75,810.27,3.1,71.51,1.0631,112.04
2025-03-31,93.38,534.75,689.48,800.59,1.13,83.11,1.0678,105.64
2025-04-01,93.97,505.47,742.76,773.71,-7.97,78.24,1.068,114.11
2025-04-02,94.75,534.34,732.25,854.17,-4.96,77.32,1.0697,112.87
2025-04-03,95.39,497.83,721.17,847.62,3.5,76.68,1.0712,111.33
2025-04-04,95.48,507.24,742.16,914.57,-2.63,67.45,1.0693,115.36
2025-04-07,91.54,518.79,630.29,839.61,1.45,74.82,1.0618,112.07
2025-04-08,93.29,478.76,689.43,825.47,-4.47,79.41,1.0612,110.9
2025-04-09,92.2,500.32,685.94,817.04,-0.67,86.67,1.061,108.86
2025-04-10,94.72,549.82,718.6,802.35,-11.84,74.15,1.0621,109.51
2025-04-11,93.75,474.48,735.07,820.61,-4.69,80.91,1.0628,109.06
2025-04-14,92.51,499.19,734.94,859.2,0.91,84.02,1.0624,110.8
2025-04-15,92.31,493.99,704.1,860.81,-6.34,79.44,1.0619,111.66
2025-04-16,91.24,479.88,666.05,796.95,2.24,74.14,1.0675,109.02
2025-04-17,93.72,475.84,728.48,847.69,-5.45,70.31,1.0676,104.36
2025-04-18,94.49,514.87,718.58,857.66,-0.01,87.04,1.0689,110.54
2025-04-21,98.15,573.78,738.61,863.35,-11.71,79.34,1.0738,110.31
2025-04-22,97.97,517.68,693.84,950.67,-5.53,81.21,1.0737,110.86
2025-04-23,96.66,561.57,684.7,926.88,-6.88,72.9,1.0732,105.45
2025-04-24,93.58,519.73,656.21,826.57,3.4,80.72,1.0745,110.53
2025-04-25,93.13,543.67,710.42,874.15,-2.38,77.4,1.0734,111.21
2025-04-28,94.48,588.58,709.47,897.0,-10.59,83.59,1.068,109.63
2025-04-29,95.98,494.36,826.08,887.89,2.43,92.66,1.0642,106.52
2025-04-30,97.37,566.22,743.16,907.69,-2.74,81.45,1.062,113.26
2025-05-01,97.2,549.76,717.19,873.22,-3.38,69.91,1.061,109.13
2025-05-02,96.06,572.0,723.26,845.13,-9.0,74.66,1.061,109.7
2025-05-05,93.5,519.39,706.86,873.62,-5.46,71.95,1.0632,113.73
2025-05-06,91.65,529.46,616.86,842.26,4.69,65.71,1.0614,106.66
2025-05-07,91.44,492.25,659.73,838.88,-3.29,83.35,1.0617,113.89
2025-05-08,91.88,532.05,733.21,884.02,3.8,79.39,1.0641,116.27
2025-05-09,88.44,508.74,644.95,772.09,-14.44,74.87,1.0608,111.51
2025-05-12,89.63,535.72,632.49,798.31,-5.46,73.45,1.0619,110.2
2025-05-13,88.58,476.39,657.36,826.87,-7.08,74.51,1.0572,111.44
2025-05-14,88.34,477.24,627.02,842.94,-0.65,72.44,1.0564,117.07
2025-05-15,86.02,483.08,607.1,800.5,-10.25,73.11,1.0549,112.92
2025-05-16,84.79,478.14,671.47,739.97,-8.66,83.92,1.0551,108.23
2025-05-19,83.72,476.35,606.67,773.93,-6.19,76.95,1.0562,106.04
2025-05-20,84.74,441.69,727.32,761.11,-7.04,73.1,1.0648,104.42
2025-05-21,83.56,502.05,609.21,782.53,-2.39,85.42,1.0662,110.32
2025-05-22,82.42,434.18,632.67,746.13,3.26,79.73,1.0626,108.91
2025-05-23,81.5,471.03,642.18,698.41,-5.59,74.05,1.0631,108.97
2025-05-26,81.93,449.28,552.42,774.23,-6.72,84.14,1.0617,108.15
2025-05-27,80.56,455.74,536.69,704.51,-8.74,73.57,1.0647,113.11
2025-05-28,80.7,443.68,680.92,750.97,2.11,80.47,1.0679,114.08
2025-05-29,79.89,402.67,585.22,677.61,3.95,70.68,1.0696,113.41
2025-05-30,82.0,497.26,592.52,698.99,-11.48,80.06,1.0657,110.72
2025-06-02,82.86,456.36,632.78,747.88,-13.0,85.43,1.0645,106.4
2025-06-03,78.97,454.74,564.28,727.88,-6.8,76.27,1.0624,109.47
2025-06-04,78.76,433.7,612.18,708.19,0.56,80.05,1.0571,110.96
2025-06-05,77.65,411.8,549.48,657.84,0.67,74.61,1.0581,113.13
2025-06-06,76.71,416.76,582.47,600.0,-5.03,78.18,1.0596,111.5
2025-06-09,76.09,464.99,601.92,698.25,-12.61,81.99,1.0594,108.7
2025-06-10,75.77,460.81,474.8,694.18,-5.55,83.76,1.0583,113.67
2025-06-11,75.55,419.72,557.12,692.26,3.75,79.76,1.059,116.49
2025-06-12,78.16,395.57,563.28,701.88,-9.62,76.04,1.0551,110.58
2025-06-13,76.49,439.65,618.7,617.85,3.97,87.45,1.0576,112.41
2025-06-16,76.94,443.0,581.82,600.59,-4.95,80.07,1.0584,111.51
2025-06-17,74.87,398.49,622.37,617.14,-9.5,74.86,1.0564,107.54
2025-06-18,76.4,458.63,557.52,693.81,-5.76,80.58,1.0644,112.98
2025-06-19,75.04,408.3,542.9,644.66,-9.63,76.22,1.0641,109.38
2025-06-20,73.08,366.62,657.17,640.33,-14.98,77.84,1.0623,114.27
2025-06-23,72.33,398.21,570.2,625.27,-4.72,73.65,1.059,112.71
2025-06-24,71.74,438.7,518.71,611.78,3.92,78.43,1.0646,108.54
2025-06-25,71.98,448.42,600.65,677.06,1.09,85.9,1.0624,111.44
2025-06-26,72.91,371.02,601.18,636.39,-14.69,80.72,1.0589,117.43
2025-06-27,72.77,429.31,591.25,669.6,-7.28,76.13,1.0563,108.66
2025-06-30,72.18,410.19,579.84,706.36,-2.82,83.02,1.0574,116.24
2025-07-01,72.92,443.22,495.06,622.65,-13.98,84.66,1.0565,114.95
2025-07-02,72.76,418.7,523.26,707.5,-12.33,80.18,1.0569,112.34
2025-07-03,72.28,349.73,529.71,616.7,-10.56,77.76,1.0631,110.6
2025-07-04,70.78,403.46,536.83,632.2,1.92,81.61,1.0646,110.44
2025-07-07,69.74,378.3,556.06,613.97,-0.81,78.51,1.0629,109.61
2025-07-08,69.22,358.53,486.39,657.03,-6.59,81.62,1.0596,108.93
2025-07-09,72.53,410.02,544.78,624.37,-12.25,81.75,1.0577,116.02
2025-07-10,71.53,374.42,612.13,606.82,1.62,83.81,1.0665,107.35
2025-07-11,71.11,395.86,517.83,622.16,-7.37,89.96,1.0709,112.78
2025-07-14,71.04,414.98,529.74,600.0,1.54,82.19,1.0675,119.12
2025-07-15,72.58,432.08,593.21,635.52,-6.04,81.63,1.0667,112.81
2025-07-16,70.57,382.61,553.29,620.54,-13.39,83.44,1.0618,117.67
2025-07-17,71.12,392.78,579.79,661.93,-3.79,89.28,1.0637,114.18
2025-07-18,73.21,352.92,600.87,600.0,3.89,82.47,1.065,111.04
2025-07-21,73.91,375.31,492.66,621.74,-6.5,73.07,1.0701,112.95
2025-07-22,72.62,355.9,563.45,617.31,-3.2,80.91,1.0662,110.18
2025-07-23,74.44,413.86,551.89,741.87,-4.38,74.77,1.0705,112.46
2025-07-24,74.85,460.26,664.72,642.41,-11.26,69.28,1.0737,110.5
2025-07-25,74.91,434.13,493.88,636.04,-15.0,72.92,1.0737,110.39
2025-07-28,73.27,436.16,574.93,600.0,1.7,77.82,1.0755,113.26
2025-07-29,73.61,423.07,488.37,682.8,-10.73,82.69,1.0743,114.94
2025-07-30,72.85,404.61,473.64,600.0,-0.37,80.0,1.069,118.59
2025-07-31,72.76,407.13,487.78,677.86,-8.68,86.12,1.0701,109.1
2025-08-01,74.15,324.5,513.34,693.98,-5.48,83.76,1.0626,107.62
2025-08-04,72.2,465.82,510.19,636.59,4.34,81.69,1.0628,113.08
2025-08-05,72.15,381.19,575.99,610.62,-8.36,74.59,1.0629,108.45
2025-08-06,72.51,376.49,588.36,673.11,2.36,80.85,1.0558,112.75
2025-08-07,73.19,425.62,622.19,611.84,4.49,87.15,1.0563,110.32
2025-08-08,71.25,436.83,535.3,600.0,-5.47,84.1,1.053,115.39
2025-08-11,71.16,431.27,540.25,654.34,-4.88,80.06,1.0524,113.25
2025-08-12,69.83,386.76,530.78,624.27,-14.79,84.66,1.0561,113.5
2025-08-13,69.89,374.64,505.91,600.0,3.36,77.78,1.0576,111.94
2025-08-14,70.6,369.86,597.27,681.02,-1.26,83.3,1.0611,107.56
2025-08-15,70.53,405.97,551.32,600.0,0.91,78.5,1.0583,106.17
2025-08-18,69.35,337.42,597.03,700.56,-8.03,82.17,1.0564,104.64
2025-08-19,69.64,365.88,508.91,674.6,-11.98,77.31,1.0609,109.11
2025-08-20,73.38,411.4,558.51,680.97,1.82,78.74,1.0594,116.94
2025-08-21,75.91,397.8,504.67,755.29,3.7,85.14,1.0554,115.33
2025-08-22,76.5,410.79,486.75,736.29,4.82,72.33,1.0532,113.45
2025-08-25,76.28,423.03,574.45,703.89,-3.8,86.97,1.0498,109.03
2025-08-26,75.78,438.12,521.76,817.96,4.08,81.12,1.0513,111.17
2025-08-27,73.84,424.6,532.88,765.74,-0.88,83.26,1.0541,109.09
2025-08-28,74.03,460.1,603.89,774.74,-7.85,75.29,1.048,106.5
2025-08-29,75.91,373.69,512.82,699.61,-13.75,82.56,1.0449,104.86
2025-09-01,77.9,443.53,663.6,725.64,-5.6,82.81,1.0469,106.84
2025-09-02,78.75,429.05,585.4,770.32,-12.18,87.38,1.0505,108.56
2025-09-03,77.8,435.76,554.83,758.7,-13.2,74.04,1.0473,111.52
2025-09-04,78.11,452.2,536.03,681.09,-7.72,86.19,1.0465,112.77
2025-09-05,79.11,381.56,642.43,667.15,-7.3,91.87,1.0408,108.46
2025-09-08,79.24,417.6,688.73,675.83,-0.41,77.57,1.0442,111.41
2025-09-09,80.94,471.12,612.8,712.07,-13.63,82.61,1.0474,109.43
2025-09-10,79.53,421.73,633.35,744.33,-8.34,98.0,1.047,112.36
2025-09-11,80.48,398.55,626.03,723.52,-8.93,81.03,1.0502,117.57
2025-09-12,79.51,426.13,694.27,709.23,-12.95,91.47,1.0506,106.58
2025-09-15,79.34,471.98,566.82,637.53,-12.76,83.83,1.0525,114.34
2025-09-16,81.12,422.96,600.34,734.7,-12.49,77.3,1.052,108.19
2025-09-17,82.37,421.39,561.28,749.16,-10.06,80.67,1.0539,112.24
2025-09-18,78.79,435.54,525.63,757.79,-5.55,81.14,1.0575,114.55
2025-09-19,79.52,425.95,545.59,735.6,4.84,90.07,1.0606,108.64
2025-09-22,80.85,503.53,576.01,709.76,-6.11,82.26,1.0618,109.39
2025-09-23,81.1,459.79,634.71,759.81,-9.28,79.9,1.0635,107.88
2025-09-24,81.91,465.47,588.35,756.72,1.97,79.8,1.06,111.85
2025-09-25,82.66,458.54,682.86,791.24,-10.24,85.9,1.0637,107.62
2025-09-26,84.82,455.12,702.91,710.42,0.36,81.83,1.0603,112.99
2025-09-29,84.89,495.29,617.97,746.52,-4.9,79.17,1.0645,107.03
2025-09-30,85.51,448.51,643.95,741.23,-3.54,84.82,1.0669,105.6
2025-10-01,84.22,474.82,593.0,821.08,3.87,86.35,1.0691,110.49
2025-10-02,84.42,473.25,654.1,698.09,-8.35,84.67,1.0709,107.84
2025-10-03,84.58,465.98,593.62,766.18,-11.93,87.41,1.0738,113.34
2025-10-06,81.47,460.77,623.2,761.75,-13.61,76.2,1.0765,107.86
2025-10-07,82.35,468.1,603.96,699.95,1.37,80.76,1.0764,102.62
2025-10-08,80.87,421.42,685.05,718.29,-2.63,84.76,1.0758,113.16
2025-10-09,80.85,446.64,592.93,735.88,-10.95,76.88,1.0756,110.09
2025-10-10,81.47,445.98,600.78,734.42,4.2,84.2,1.0763,112.7
2025-10-13,81.23,460.23,591.54,749.21,-0.71,93.73,1.0757,111.72
2025-10-14,81.56,475.25,579.67,762.89,2.27,81.14,1.073,111.7
2025-10-15,82.64,469.03,579.03,759.69,-9.78,78.75,1.0763,110.38
2025-10-16,82.36,411.43,665.98,734.27,-13.64,83.52,1.0724,110.6
2025-10-17,82.9,419.04,659.52,625.78,-12.72,85.78,1.0761,110.74
2025-10-20,81.53,443.57,595.22,678.63,-13.88,83.48,1.0783,109.05
2025-10-21,85.28,512.9,673.61,698.31,-4.39,81.99,1.0782,106.4
2025-10-22,87.96,422.97,718.07,753.11,-7.13,82.68,1.0873,107.23
2025-10-23,89.57,488.02,686.33,822.62,-3.36,83.07,1.0863,109.01
2025-10-24,90.45,472.28,712.19,845.87,-3.14,89.34,1.0887,107.2
2025-10-27,89.42,496.94,642.73,806.05,-11.92,82.42,1.0849,109.81
2025-10-28,90.23,508.11,709.94,829.03,-0.47,82.51,1.0782,106.09
2025-10-29,88.66,490.57,676.5,829.87,2.13,78.21,1.0788,113.37
2025-10-30,89.08,496.85,670.38,834.27,-14.86,75.1,1.0853,108.7
2025-10-31,90.54,475.36,633.4,779.01,-5.73,83.08,1.0798,108.82
2025-11-03,89.17,488.76,617.83,812.13,-2.81,83.98,1.0783,112.12
2025-11-04,85.5,459.92,657.0,819.77,-12.96,82.91,1.0735,113.66
2025-11-05,83.67,433.71,703.54,712.72,2.93,89.72,1.0741,109.59
2025-11-06,85.67,447.0,608.1,755.41,-9.33,82.72,1.0756,110.24
2025-11-07,85.22,481.51,683.45,781.99,-3.08,81.6,1.0755,103.7
2025-11-10,83.95,514.0,640.81,672.54,0.27,72.03,1.0755,109.14
2025-11-11,81.18,451.68,614.74,774.46,1.2,84.01,1.0777,105.47
2025-11-12,80.35,467.03,665.59,659.58,-4.22,86.9,1.0749,101.38
2025-11-13,82.07,475.27,582.19,701.0,-14.39,91.08,1.0766,104.59
2025-11-14,81.65,421.45,593.64,705.74,-14.21,87.39,1.0762,100.97
2025-11-17,84.45,485.6,657.46,789.62,-1.39,90.2,1.0762,104.75
2025-11-18,83.79,461.31,673.84,832.56,-5.78,77.97,1.0741,113.12
2025-11-19,84.16,416.19,652.91,733.85,-13.22,76.98,1.0779,112.17
2025-11-20,84.94,512.36,620.66,763.34,-8.62,82.12,1.0739,106.19
2025-11-21,85.7,446.08,690.64,723.12,-3.42,90.11,1.0786,111.03
2025-11-24,88.06,455.34,698.92,818.81,-2.05,82.04,1.0789,106.78
2025-11-25,87.49,490.4,636.18,819.51,-10.32,84.0,1.0782,107.11
2025-11-26,87.85,490.58,698.4,839.38,-5.24,80.06,1.0845,109.49
2025-11-27,90.31,454.18,728.79,892.7,1.65,84.9,1.0837,102.88
2025-11-28,89.57,496.94,751.79,842.06,4.85,85.12,1.0798,104.04
2025-12-01,91.34,501.5,689.53,839.93,-5.83,85.87,1.0819,102.31
2025-12-02,92.16,480.4,747.32,795.3,-1.8,86.9,1.0844,107.71
2025-12-03,90.57,496.43,716.8,906.38,-8.19,87.67,1.0874,107.34
2025-12-04,90.78,512.27,621.15,834.94,-10.49,80.59,1.0859,108.01
2025-12-05,91.57,521.96,713.55,773.6,4.37,82.7,1.0845,105.82
2025-12-08,93.03,494.87,666.38,911.72,-9.02,78.06,1.0818,108.7
2025-12-09,93.17,519.69,747.63,842.42,0.64,91.19,1.0876,104.35
2025-12-10,90.94,503.3,668.27,832.88,-0.89,88.7,1.0858,106.75
2025-12-11,89.55,530.97,601.47,819.02,3.98,81.07,1.0902,117.97
2025-12-12,90.07,459.05,699.03,819.23,-14.39,86.83,1.0921,109.22
2025-12-15,90.26,488.66,694.27,805.75,-3.77,92.88,1.0936,104.66
2025-12-16,89.28,526.96,693.0,799.18,-12.91,85.36,1.0924,114.51
2025-12-17,87.98,466.01,640.13,754.76,-10.73,81.83,1.0925,106.75
2025-12-18,88.24,547.23,659.66,784.34,-11.15,87.93,1.0913,108.34
2025-12-19,87.57,460.36,664.36,809.11,-9.17,85.75,1.09,111.4
2025-12-22,85.5,462.14,628.27,769.28,-1.12,94.65,1.0858,107.48
2025-12-23,82.66,446.78,680.76,764.97,-11.24,86.32,1.0873,105.63
2025-12-24,85.75,447.38,632.93,831.44,-9.85,84.76,1.0867,109.9
2025-12-25,84.56,493.1,668.44,766.23,-12.39,77.88,1.0869,109.46
2025-12-26,80.88,458.69,628.14,720.99,-7.39,80.7,1.0926,104.58
2025-12-29,80.82,428.93,653.64,808.73,3.21,86.22,1.095,106.22
2025-12-30,81.84,464.61,659.35,697.63,3.26,85.0,1.0927,101.79
2025-12-31,82.91,464.25,575.43,747.2,-7.91,87.11,1.0938,102.72
2026-01-01,82.62,458.11,581.21,688.7,-7.51,73.95,1.0982,102.74
2026-01-02,83.04,472.24,583.37,728.53,-0.48,86.4,1.0951,111.72
2026-01-05,83.17,465.63,596.55,776.54,-8.64,88.81,1.0932,107.67
2026-01-06,83.16,456.01,609.41,777.98,-11.38,83.75,1.0887,111.79
2026-01-07,80.15,420.84,581.33,751.36,2.91,85.38,1.0903,105.46
2026-01-08,79.46,495.24,575.52,738.48,-7.4,88.71,1.0823,107.76
2026-01-09,80.09,412.62,592.31,763.97,-7.39,90.54,1.0793,112.0
2026-01-12,80.05,377.04,628.09,779.02,-5.8,83.37,1.0818,107.48
2026-01-13,82.28,465.16,580.15,818.54,3.74,89.15,1.0838,105.34
2026-01-14,81.6,450.66,515.76,699.16,-4.26,89.25,1.079,105.92
2026-01-15,80.45,475.85,594.38,845.15,-0.99,96.05,1.0778,102.88
2026-01-16,83.11,452.44,664.77,713.64,-1.12,89.44,1.0759,107.93
2026-01-19,83.02,464.29,655.99,673.63,4.04,96.48,1.0753,104.33
2026-01-20,80.82,492.07,590.77,652.7,3.98,91.91,1.0754,105.78
2026-01-21,79.98,416.22,528.54,677.68,-1.84,84.52,1.0759,99.71
2026-01-22,80.29,402.95,609.89,760.78,0.07,88.36,1.0749,104.28
2026-01-23,80.72,395.49,577.91,694.4,-9.42,81.21,1.0761,104.07
2026-01-26,79.82,449.33,568.66,736.61,-14.03,87.03,1.0733,101.47
2026-01-27,78.3,465.86,555.2,651.67,-12.36,86.46,1.0737,107.41
2026-01-28,77.2,419.85,499.4,723.63,-1.75,85.76,1.0765,107.22
2026-01-29,76.69,402.69,606.58,671.58,-11.64,92.39,1.0732,106.36
2026-01-30,76.97,446.08,600.7,695.53,0.22,88.34,1.0745,109.11
2026-02-02,76.25,425.97,579.37,682.88,-5.3,91.14,1.0783,109.13
2026-02-03,76.34,456.57,630.31,715.0,1.63,85.3,1.0819,111.55
2026-02-04,75.46,439.25,546.32,820.75,2.07,85.77,1.0842,108.43
2026-02-05,74.68,413.34,578.68,639.14,-3.04,84.78,1.0842,107.21
2026-02-06,73.87,366.6,456.92,674.44,-4.98,86.2,1.0856,103.83
2026-02-09,74.11,418.37,590.46,610.75,3.65,82.54,1.0825,107.35
2026-02-10,73.15,410.86,517.07,678.6,-12.06,89.92,1.0848,113.0
2026-02-11,71.4,376.97,572.83,600.0,-9.43,83.55,1.0818,103.25
2026-02-12,73.93,432.14,530.12,675.79,-14.76,86.24,1.0812,104.5
2026-02-13,73.53,414.46,550.02,603.95,2.19,91.57,1.0786,109.0
2026-02-16,72.02,409.53,551.56,617.19,1.91,99.76,1.0743,107.02
2026-02-17,73.0,396.95,574.25,622.47,-4.61,91.7,1.0716,115.75
2026-02-18,71.4,390.05,525.28,600.0,-5.1,88.49,1.0726,110.81
2026-02-19,70.89,362.51,521.91,692.15,-10.13,82.74,1.0705,110.54
2026-02-20,71.09,388.9,455.58,628.43,-8.24,86.39,1.0683,110.92
2026-02-23,74.05,444.15,558.31,727.77,-8.73,86.25,1.0701,111.21
2026-02-24,76.84,418.98,557.7,747.36,-11.96,86.37,1.0723,109.98
2026-02-25,77.01,407.12,575.46,683.56,-7.53,85.9,1.0732,112.67
2026-02-26,77.07,397.49,602.08,739.17,-4.3,88.05,1.0725,111.86
2026-02-27,79.47,476.61,639.92,682.09,-10.91,92.62,1.0694,108.06
2026-03-02,80.51,388.96,680.9,721.79,3.1,82.12,1.0725,109.4
2026-03-03,78.38,453.23,561.66,717.89,-6.22,82.98,1.0763,106.82
2026-03-04,79.28,449.44,547.85,653.09,-14.44,82.21,1.0761,110.87
2026-03-05,80.55,481.85,621.41,665.15,-9.43,86.8,1.0765,112.07
2026-03-06,82.01,473.89,560.52,762.43,0.68,85.78,1.0812,106.57
2026-03-09,78.64,479.72,554.11,667.48,-12.73,89.68,1.0816,111.57
2026-03-10,80.78,362.46,619.72,703.48,-10.68,90.3,1.0832,109.03
2026-03-11,79.49,410.53,613.57,745.43,-13.2,85.43,1.0775,109.27
2026-03-12,79.76,456.81,567.6,709.59,-1.32,86.11,1.0761,108.59
2026-03-13,79.07,409.32,584.99,804.21,1.2,84.39,1.0759,116.46
2026-03-16,77.68,391.58,606.7,722.45,-1.53,83.12,1.0807,111.41
2026-03-17,78.49,419.93,634.39,688.51,-14.22,84.53,1.0768,112.94
2026-03-18,78.98,450.94,622.84,731.36,-14.69,90.22,1.0749,108.85
2026-03-19,78.31,421.86,603.21,683.93,-4.66,90.82,1.0749,111.57
2026-03-20,81.0,427.08,583.37,754.73,-8.21,82.03,1.0723,106.18
2026-03-23,82.31,464.99,614.86,792.44,-6.19,88.24,1.0737,105.11
2026-03-24,81.93,446.97,578.21,706.13,-2.53,92.06,1.0717,108.74
2026-03-25,83.08,427.69,757.67,765.86,-10.58,87.7,1.0686,115.35
2026-03-26,83.6,476.21,659.07,747.64,-12.68,86.89,1.0719,115.71
2026-03-27,81.46,411.73,578.49,740.17,-7.69,86.71,1.0696,104.95
2026-03-30,78.2,401.23,557.33,788.59,-9.61,87.06,1.0755,110.34
2026-03-31,76.97,408.77,490.18,656.56,-1.44,95.89,1.0788,106.03
2026-04-01,78.66,388.92,672.16,751.14,-10.19,91.71,1.0802,107.6
2026-04-02,76.91,406.76,580.85,673.14,-0.82,88.68,1.0793,115.44
2026-04-03,73.39,406.46,575.11,721.45,-3.75,89.45,1.0754,107.48
2026-04-06,72.06,382.06,541.43,649.51,3.14,90.23,1.0734,110.72
2026-04-07,72.28,377.82,561.06,659.1,-11.85,88.5,1.0754,115.45
2026-04-08,73.34,394.8,543.95,747.85,-4.22,86.88,1.0777,116.8
2026-04-09,73.15,379.1,506.47,627.79,4.36,81.48,1.0763,114.97
2026-04-10,74.14,378.19,561.09,696.31,-9.21,82.71,1.0731,114.9
2026-04-13,73.1,344.19,590.05,672.63,-8.93,86.76,1.0723,108.84
2026-04-14,74.18,438.72,469.16,654.16,2.92,86.35,1.0731,111.07
2026-04-15,72.05,406.88,581.83,635.7,-1.35,91.05,1.0735,113.24
2026-04-16,70.84,397.29,543.19,600.0,4.53,98.76,1.0719,118.59
2026-04-17,69.89,407.44,581.89,640.43,-9.33,89.11,1.0704,108.87
2026-04-20,72.64,386.81,527.15,600.0,-10.67,91.11,1.071,114.9
2026-04-21,72.4,463.84,518.78,764.9,-7.19,83.99,1.0705,115.83
2026-04-22,72.98,399.47,478.93,762.91,-6.35,89.73,1.0716,112.01
2026-04-23,72.97,381.31,519.56,600.0,-9.41,86.36,1.073,112.64
2026-04-24,72.96,404.91,589.03,607.39,-1.19,88.65,1.0742,111.4
2026-04-27,72.18,408.03,509.04,600.0,-9.02,79.62,1.0766,107.58
2026-04-28,72.1,461.1,530.18,600.0,-0.29,95.47,1.0806,111.29
2026-04-29,69.62,340.48,497.97,617.35,-2.19,87.24,1.077,113.08
2026-04-30,68.46,381.88,441.19,624.91,-5.5,91.49,1.0741,116.52
2026-05-01,69.41,373.97,458.94,616.06,4.2,87.55,1.074,114.66
2026-05-04,69.21,431.53,458.27,689.51,-5.65,92.01,1.076,115.23
2026-05-05,71.18,394.74,575.02,718.4,-11.77,91.69,1.0773,111.17
2026-05-06,70.2,361.05,465.39,631.17,-8.85,97.77,1.0778,114.68
2026-05-07,71.25,417.17,511.91,659.33,4.3,89.05,1.0777,119.62
2026-05-08,70.56,382.66,519.76,616.47,2.4,90.87,1.0779,106.38
2026-05-11,70.69,382.99,520.54,673.59,-6.89,92.55,1.0804,119.41
2026-05-12,72.23,409.7,546.38,649.37,-12.62,101.09,1.0787,117.02
2026-05-13,73.92,397.88,469.25,644.85,-7.41,86.21,1.0763,112.92
2026-05-14,76.42,370.37,592.8,720.43,-3.81,92.48,1.0701,111.57
2026-05-15,77.87,421.94,521.46,614.67,3.96,88.87,1.0701,112.22
2026-05-18,76.44,453.44,546.69,733.75,-2.35,81.79,1.0708,113.63
2026-05-19,75.78,474.64,555.44,711.95,-4.03,97.63,1.0623,109.36
2026-05-20,74.06,443.23,613.98,611.85,3.69,85.49,1.0639,117.25
2026-05-21,76.0,427.01,636.73,600.0,-3.69,88.86,1.0627,111.86
2026-05-22,76.04,434.07,606.09,754.07,2.11,77.62,1.0645,112.88
2026-05-25,73.64,411.63,596.85,730.15,-6.38,95.37,1.064,110.49
2026-05-26,79.12,416.53,594.31,761.61,-7.16,100.39,1.0643,109.73
2026-05-27,76.97,419.91,641.6,651.06,-11.2,87.76,1.0642,110.53
2026-05-28,76.81,417.19,588.2,667.24,-8.68,85.92,1.067,117.58
2026-05-29,77.53,426.49,625.46,628.77,-11.76,82.36,1.0609,111.89
2026-06-01,77.32,412.81,603.85,600.0,-0.5,94.41,1.0575,111.35
